﻿{
    "save": "Save",
    "savePromptTitle": "Save Changes?",
    "savePromptBody": "Do you want to save the changes?",
    "dontSave": "Don't Save",
    "cancel": "Cancel",
    "ErrorMessageTitle": "There seems to be a problem saving updates",
    "page": "page",
    "OkButton": "Ok",
    "textMessage": "Updates could not be saved for the following pages:",
    "continueTextMessage": "Click <b>Cancel</b>, update these pages again and click <b>Apply</b>.If the update fails again, contact your system administrator.",
    "ImportPopUpHeader": "Import Legacy Template Settings",
    "ImportPopUpFirstRow": "We Are going to import from the \"Legacy Admin\"",
    "ImportPopUpContent": "please select from which template you want to import the data.",
    "ImportPopUpSelectTemplate": "Select Template... ",
    "ImportButton": "Import"
}
