﻿{
    "alertCenterHeader": "Alert Center",
    "noAlerts": "It's OK... No Alerts!",
    "alertCentersettings": "Alert Center Settings",
    "ApplyButton": "Apply",
    "CancelButton": "Cancel",
    "SearchPlaceHolder": "Search domain...",
    "CoupleWith": "Schedule view domains only",
    "are_you_sure": "Are you sure?",
    "DomainsTooltip": "{0} domain(s) selected",
    "NewAlerts": "Received {0} New Alerts",
    "OneNewAlert": "Received 1 New Alert",
    "DismissAllToolTip": "Dismiss All alerts",
    "ClearAllButton": "Dismiss All",
    "CancelClearButton": "Cancel",
    "alertStatusAccepted": "Accepted",
    "alertStatusPending": "Pending",
    "alertStatusClosed": "Closed",
    "alertRemoval": "Dismiss",
    "singleAlertCenterLabel": "There is one alert",
    "multipleAlertsCenterLabel": "There are {0} alerts"
}
