﻿{
  "viewHeader": "Business Hierarchy",
  "failedGetFirstLevelObjectsErrorMessage": "Failed to get first level objects",
  "failedGetObjectsErrorMessage": "Failed to get {0} objects",
  "failedToGetSchedulePolicy": "Failed to get schedule policy",
  "failedToUpdateSchedulePolicy": "Failed to update schedule policy",
  "TimeZone": "Time Zone:",
  "Help": "Help",
  "SuccessUserMessage": "The object was saved successfully",
  "SelectObjectDescription": "Select an object from the list on the left side",
  "ViewTitle": "Define Regions and Districts hierarchy; set District's central locations, time zones and schedule policies",
  "SaveChangesButton": "Save Changes",
  "AddNewItemIconString": "Add New",
  "SchedulePolicy": "Schedule Policy:",
  "DerivePolicyFromParent": "(Derive Policy from Parent)",
  "UseDefaultPolicy": "(Use Default Policy)",
  "Undefined": "Undefined",
  "NewItem": "New",
  "searchString": "Search...",
  "failedGetSearchObjectsError": "Failed to get search objects",
  "ResetToDefault": "Reset to Default",
  "newIconTooltip": "Add New",
  "deleteIconTooltip": "Delete",
  "unableToAddNewObject": "You have another new object being edited. Please save it.",
  "unableToDeleteObject": "You can't delete this object because its form is being edited",
  "Undefined": "Not Defined",
  "failedToGetTimeZones": "failed to get time zones",
  "Delete": "Delete",
  "Body": "Are you sure you want to delete {0}?",
  "Cancel": "Cancel"
}
