﻿{
  "navTreeTitle": "Resource Management",
  "navTreeSubTitle": "Calendar",
  "baseCalendar": "Base Calendar",
  "daily": "Daily",
  "weekly": "Weekly",
  "monthly": "Monthly",
  "actions": "Actions",
  "editCalendar": "Edit Calendar",
  "exportcsv": "Export to CSV",
  "exportpdf": "Export to PDF",
  "importcsv": "Import from CSV",
  "timeIntervalEditor": "Interval Editor",
  "availabilityType": "Availability Type",
  "limitWorkTo": "Limit Work To (Shifts)",
  "intervalType": "Interval Type",
  "singleInterval": "Single",
  "weeklyInterval": "Recurring",
  "groupOfTasks": "Group of tasks",
  "startDate": "Start Date",
  "finishDate": "Finish Date",
  "weekDayStart": "Start Week Day",
  "weekDayFinish": "Finish Week Day",
  "weekDay": "Week Day",
  "startTime": "Start Time:",
  "finishTime": "Finish Time:",
  "ok": "OK",
  "cancel": "Cancel",
  "work": "Work",
  "optional": "Optional",
  "nonwork": "Non-Work",
  "supervision": "Supervision",
  "sunday": "Sunday",
  "monday": "Monday",
  "tuesday": "Tuesday",
  "wednesday": "Wednesday",
  "thursday": "Thursday",
  "friday": "Friday",
  "saturday": "Saturday",
  "contextMenuDeleteInterval": "Delete Interval",
  "contextMenuEditInterval": "Edit Interval",
  "failedParseTimeError": "Failed to parse time!",
  "invalidTimePhasedPeriod": "Time phased period must be at least 7 days!",
  "invalidTimeSelectionFinishMoreThanStart": "Finish Time must always be later than Start Time!",
  "deleteIntervalModalCancelButton": "Cancel",
  "deleteIntervalModalOKButton": "Delete Interval",
  "deleteIntervalModalheaderText": "Delete Interval",
  "deleteIntervalModalBodyText": "Are you sure you want to delete this interval?",
  "saveFormMessageHeader": "Unsaved Changes",
  "saveFormMessageStr": "You have unsaved intervals! Are you sure you want to leave?",
  "saveButton": "Save Changes",
  "doNotSaveButton": "Don't Save Changes",
  "cancelButton": "Cancel",
  "saveFormButton": "Save",
  "settingsPanelTitle": "Calendar Settings",
  "firstDayOfWeek": "First Day of Week:",
  "weeklyInvervalMoveWarningMessageTitle": "Are you sure?",
  "weeklyInvervalMoveWarningMessage": "Moving a weekly interval will save your changes",
  "weeklyInvervalResizeWarningMessageTitle": "Are you sure?",
  "weeklyInvervalResizeWarningMessage": "Resizing a weekly interval will save your changes",
  "checkBoxTimePhasedLabel": "Periodic",
  "settingsPanelLabel": "Settings",
  "calendar": "Calendar",
  "shift": "Shift",
  "headerDescription": "You can add, change or delete intervals from the calendar",
  "viewTypeIconTooltip": "Change calendar view type",
  "changeDateIconTooltip": "Change calendar start date",
  "nextDateIconTooltip": "Move forward",
  "prevDateIconTooltip": "Move backwards",
  "closeDatePicker": "Close",
  "selectCalendarTooltip": "Calendar: ",
  "newCalendarTooltip": "Create new calendar",
  "Today": "Today",
  "calendarSearchPlaceHolder": "Search calendar...",
  "resourceSearchPlaceHolder": "Search resource...",
  "calendarObjectIconTooltip": "Select calendar",
  "complementLabel": "Complement",
  "complementTooltip": "Add a calendar interval as complement to the Shift interval",
  "calendarCreatorTitle": "Calendar Creator",
  "calendarEditorTitle": "Calendar Editor",
  "calendarName": "Calendar Name",
  "calendarBase": "Base Calendar",
  "noCalendarSelectedHeader": "Please select a calendar...",
  "deleteCalendarTooltip": "Delete Calendar",
  "invalidTimePhased": "Time-Phased is invalid - Period must be at least 7 days",
  "consoleCalendarNotSelected": "No calendar was selected!",
  "nocalendar": "No calendar is selected",
  "Engineer": "Resources",
  "Calendar": "Calendars",
  "calendarManagement": "Calendar Management",
  "NoCalendarError": "No Calendar Available",
  "EngineerWithoutCalendarError": "The calendar cannot be displayed because the selected resource does not have a configured calendar.<br> You can add a calendar for the resource in the Resource form (accessible from the Resources and Schedule views).",
  "calendarView": "Calendars",
  "resourceView": "Resources",
  "calendarUpgrade": "Calendar Upgrade",
  "calendarNotSupportMessage": "The Calendar view was enhanced to include additional capabilities such as searching, filtering and exporting.",
  "calendarNotSupportMessageEnd": "Your Calendar will be upgraded after you click OK.",
  "calendarBtnOK": "OK"
}
