﻿{
  "OkButton": "OK",
  "FeildsError": "File fields are not correct",
  "TypeError": "File type is not correct",
  "UserMessagesErrorTitle": "Error on File Upload",
  "UserMessagesErrorTemplateFileTitle": "File Upload Error",
  "InCorrectFileTypeUserMessagesErrorBody": "Wrong file type was uploaded. Please try again.",
  "InCorrectFeildsStructerUserMessagesErrorBody": "Wrong file template was uploaded. Please click ‘Export’ for the correct file template.",
  "ExportForecastCSVTemplate": "Export Forecast CSV Template",
  "ExportDefaultCapacityLimitTemplate": "Export Default Capacity Limit CSV Template",
  "ExportDynamicCapacityLimitTemplate": "Export Dynamic Capacity Limit CSV Template",
  "ApplyButton": "Apply",
  "CancelButton": "Cancel",
  "NavigationTree_SreachPlaceHolder": "Search domain",
  "Overview": "Plan",
  "Plan": "Plan",
  "SLA": "Dashboard",
  "Settings": "Settings",
  "WorkingOn": "Working on ",
  "Actions": "Actions",
  "noDistrictIsSelected": "No district is selected",
  "noRegionIsSelected": "No region is selected",
  "CloseButton": "Close",
  "ImportForecast": "Import Forecast",
  "ImportLimit": "Import Default Limit",
  "Import": "Import Dynamic Limit",
  "exportForecastFileName": "Forecast CSV Template",
  "exportDefaultCapacityLimitFileName": "Default Capacity Limit CSV Template",
  "exportDynamicCapacityLimitFileName": "Dynamic Capacity Limit CSV Template",
  "MissingGridFiltersTitle": "Missing or invalid grid filters.",
  "MissingGridFiltersBody": "There are missing or invalid Grid filters; Please make sure that all the following filters contain values: Start Date, End Date.",
  "DateRangeValidationTitle": "Date Range too large",
  "DateRangeValidationBody": "Maximal date range between Start Date and End Date can be one month. Please select dates within this range.",
  "Apply": "Load Data",
  "StartDateShouldPrecedeFinishDateTitle": "Start date should precede finish date.",
  "ValidationsMessage": "Validations Message",
  "ValidationsWereFoundTitle": "The following validations were found:",
  "unCategorized": "Uncategorized",
  "Close": "Close",
  "Today": "Today",
  "Search": "Search",
  "filter": "Filter Demand Categories",
  "SelectDistrict": "Select District",
  "Grids": "Data Management",
  "Plan": "Forecast",
  "Default": "Default Capacity Limit",
  "Explicit": "Dynamic Capacity Limit",
  "date": "Date",
  "district": "District",
  "plan": "Forecast (Hours)",
  "type": "Type",
  "exportLabel": "Export",
  "emptyString": "No items to display",
  "csvFileNamePlan": "Forecast",
  "csvFileNameDefault": "Default Capacity Limit",
  "SelectGrids": "View Type:",
  "DayOfWeek": "Day of Week",
  "sunday": "Sunday",
  "monday": "Monday",
  "tuesday": "Tuesday",
  "wedensday": "Wedensday",
  "thursday": "Thursday",
  "friday": "Friday",
  "saturday": "Saturday",
  "all": "All",
  "limit": "Capacity Limit (%)",
  "SelectDate": "Select Date",
  "LeftArrowTitle": "Move 1 day backward",
  "RightArrowTitle": "Move 1 day forward",
  "SearchDistrict": "Search",
  "SearchRegion": "Search",
  "TaskType": "Task Type",
  "TaskCategory": "Task Category",
  "startDate": "Start Date",
  "endDate": "End Date",
  "addNewRecord": "Add New Record",
  "delete": "Delete",
  "cancel": "Cancel",
  "deleteMessage": "Are you sure you want to delete this record?",
  "NoData": "No Data",
  "NoDistrictLoaded": "No District Loaded",
  "NoRegionLoaded": "No Region Loaded",
  "saveTitle": "Continue",
  "saveBody": "There are unsaved changes. Are you sure you want to continue?",
  "leaveBtn": "Continue",
  "cancelBtn": "Cancel",
  "updateErrorTitle": "Duplicate",
  "updateExceptionMessage": "The record already exists",
  "dateErrorTitle": "Valid date",
  "dateExceptionMessage": "Not a valid date!",
  "importTitle": "Data upload",
  "errorsMessage": "Upload was completed with some errors. \n Do you want to download the error list?",
  "successMessage": "All the data was uploaded successfully.",
  "InProgress": "Import in Progress...",
  "BufferReservation": "Buffer Reservation",
  "District": "District",
  "Region": "Region",
  "InJoepardyThreshold": "In Joepardy Threshold",
  "CapacityLimitSettings": "Capacity Limit Settings",
  "AvailabilityHours": "Hours \n Availability",
  "ActualHours": "Hours \n Actual",
  "ForecastHours": "Hours \n Forecast",
  "LimitHours": "Hours \n Limit",
  "NAHours": "Hours \n NA",
  "RemainingHours": "Hours \n Remaining",
  "capacityStreamLevel": "Demand Category",
  "freeText1": "What is the Task grouping that you would like to manage?",
  "schedulingBuffer": "Buffer",
  "freeText2": "How much time (in percent) should be kept as spare for each Demand Category?",
  "freeText3": "Above which percent should your projected capacity be considered at risk?",
  "excludedResources": "Excluded Resources",
  "excludedResourcesText": "Exclude selected resource group from the availability and used capacity calculations",
  "NoneGroup": "None",
  "riskThreshold": "Risk Threshold",
  "headerText": "Capacity Planning Settings",
  "SlaExpandLabel": "%o risks in next %d days",
  "SlaTooltipHeader": "Risks per Demand Category",
  "MultipleSelectedDistrictsLabel": "Working on %number% domains",
  "RiskTitleWithDates": "Risks by District for the Next {0} Days (%start%%ndash%%end%)",
  "RiskTitleForOneDay": "Risks by District for the Current Day (%start%%ndash%%end%)",
  "NextAvailableSlot": "Next Available Slots",
  "RisksToday": "Risks for Today",
  "RisksWeekly": "Risks in next 7 days",
  "RisksMonthly": "Risks in next 30 days",
  "InSelectedDistricts": "in selected districts",
  "RiskSideMenuHeader": "Aggregated Overbooked Tasks",
  "RiskBodyTitle": "Number of Risks per District ",
  "OverviewGraphHours": "%h% hours",
  "MultiDistrictsSelect": "Working on {0} Domain(s)",
  "Date": "Date",
  "TooltipAvailable": "%h% Available Hours",
  "TooltipNA": "%h% Non-Available hours",
  "TooltipLimit": "Capacity Limit",
  "TooltipForecast": "Forecast",
  "TooltipActual": "%h% Used Hours",
  "ToooltipRiskHeader": "%h% Risk Types",
  "ToooltipOneRiskHeader": "%h% Risk Type",
  "HandleTooltipTitle": "Capacity Limit",
  "DashboardNoRisks": "There are no risks for selected time period",
  "SummaryHeader": "Summary header",
  "AvailableHours": "Available Hours",
  "AvailableHoursTooltip": "Available",
  "UsedHours": "Used Hours",
  "SharedHours": "Shared Hours",
  "UsedHoursTooltip": "Used",
  "SharedHours": "Shared",
  "sharedCapacitySummary": "Shared Capacity",
  "OpenHours": "Open Tasks Due Today",
  "openTaskCapacitySummary": "Open Tasks Due Today Hours",
  "ForecastedHours": "Forecasted Hours",
  "RemainingHoursSummary": "Remaining Hours",
  "TotalAvailableHoursSummary": "Total Available Hours",
  "NAHoursSummary": "N/A Hours",
  "NAHours": "N/A",
  "TooltipAvailableRiskType": "Available Hours Exceeded",
  "TooltipCapacityLimitRiskType": "Capacity Limit Hours Exceeded",
  "RemainingHoursHeader": "Remaining Hrs.",
  "AvailableHrsHeader": "Available Hrs.",
  "UsedHrsHeader": "Used Hrs.",
  "AvailableRiskType": "{0} Available Hours Exceeded",
  "CapacityLimitRiskType": "{0} Capacity Limit Hours Exceeded",
  "districtsTitle": "District",
  "typeTitle": "Demand Category",
  "slotTitle": "Next Availability",
  "NA": "NA",
  "NextAvailableServiceSlot": "Next Available Service Slot",
  "freeText4": "Present next available service slot for each Demand Category",
  "nextAvailableDescription": "Show next available service slot for each Demand Category.",
  "SharedCapacity": "Shared Capacity",
  "sharedCapacityDescription": "Present hours shared with other Demand Categories",
  "demandCategorySharedCapacityDescription": "Show hours shared with other Demand Categories.",
  "OpenTasks": "Open Tasks Due On This Date",
  "openTasksDescription": "Present hours for open tasks that are due on this date",
  "demandCategoryOpenTasksDescription": "Show hours for open tasks that are due on this date.",
  "CategoryHeaderText": "Category",
  "HoursHeaderText": "Hours",
  "optionalHours": "Optional Hours",
  "optionalHoursDescription": "Include optional hours of the resources in the available capacity calculations",
  "demandCategoryOptionalHoursDescription": "Include optional hours of the resource in the available capacity calculator.",
  "taskDemandCategory": "Task Demand Category",
  "resourceCategory": "Resource category value",
  "resourceCategoryHeader": "Resource Demand Category",
  "mandatoryFieldMessage": "This is a required field",
  "taskDemandCategoryTooltip": "The selected property is used to create the capacity chart bars and calculate the consumed capacity (e.g. used capacity hours).",
  "resourceCategoryTooltip": "The selected property is used to calculate the available capacity for each of the capacity chart bars. Selecting \"All Demand Categories\" indicates that all the capacity chart bars will have the same availability.",
  "demandCategoryHeaderText": "Settings",
  "warningHeaderText": "Warning",
  "saveBtn": "Save",
  "BufferTitle": "Buffer (%)",
  "AvailabilityRiskThreshold": "Availability Risk Threshold (%)",
  "BufferTootip": "The availability percentage that will be deduced from the total available capacity for each demand category.",
  "riskThresholdTooltip": "The percentage of used availability above which the capacity is considered at risk. For example, '50' means that once you have used 50% of your availability for the demand category, a risk will be displayed.",
  "excludedResourcesTooltip": "Exclude selected resource group from the availability and used capacity calculations.",
  "demandCategoryChangeWarning": "Modifying the demand category settings will affect all the availability and consumed capacity calculations. In addition, all the existing forecast and capacity limits data will be deleted. Are you sure you want to save your changes?",
  "DemandCategoriesValues": "Demand Categories Values",
  "AllDemandCategories": "All Demand Categories",
  "demandCategory": "Demand Category",
  "Item": "Value",
  "Duration": "Duration (Days, Hours, Minutes)",
  "SLATable": "SLA (Hours, Minutes)",
  "Calendar": "Calendar",
  "Skills": "Skills",
  "NotDefine": "Not Defined",
  "TableInEditMessage": "You need to accept the changes before saving",
  "dictionaryWithoutValue": "Add values to this dictionary or select another dictionary.",
  "Districts": "Districts",
  "TimeResolution": "Time Resolution",
  "Details": "Details",
  "PatternBuilder": "Pattern Builder",
  "NewPattern": "+ New Pattern",
  "NewSlot": "+ Add Slot",
  "SetSlotPatterns": "Edit Patterns",
  "SearchForDistrict": "Search for district",
  "AddPatternName": "Add pattern name",
  "Slot": "Slot",
  "From": "From",
  "To": "To",
  "DefaultTimeResolutionHeader": "Default Time Resolution",
  "DefaultTimeResolutionTooltip": "Default time resolution for new districts",
  "PatternDuration": "Duration",
  "BackPatterns": " Back to Patterns",
  "EditPatternName": "Edit pattern name",
  "DeletePattern": "Delete pattern",
  "NewPatternBuilder": "New Pattern Builder"
}
