﻿{
	"Header_NavigationTreeNodes": "Working on {0} Domain(s)",
	"NavigationTree_Header": "Navigation Tree",
	"NavigationTree_SreachPlaceHolder": "Search domain...",
	"ApplyButton": "Apply",
	"CancelButton": "Cancel",
	"OKButton": "OK",
	"Delete": "Delete",
	"Contractor": "Contractor",
	"RelocatedTo": "Relocated to ",
	"RelocatedFrom": "Relocated from ",
	"Relocated": "Relocated ",
	"ToggleFullScreen": "Toggle full screen",
	"Close": "Close",
	"SubmitChanges": "Submit Changes",
	"Today": "Today",
	"tooManyParamsQuery": "The number of domains you selected exceeds the limit.",
	"Tomorrow": "Tomorrow",
	"quarterDay": "Quarter Day",
	"halfDay": "Half A Day",
	"daily": "Daily",
	"twoDays": "Two Days",
	"weekly": "Weekly",
	"monthly": "Monthly",
	"map": "Map",
	"gantt": "Gantt",
	"Gantt_timeDomainHeaderFormat": "{start} - {finish}",
	"TimeHeaderFormats_DaysRange": "{0} - {1}",
	"RescheduleBreak": "Reschedule Break",
	"RescheduleTheLunchBreak": "Reschedule Break",
	"RescheduleBreakStartAfter": "Start After:",
	"ResoreDefault": "Restore Default:",
	"ApplyButtonName": "Apply",
	"CancelButtonName": "Cancel",

	"save_btn": "Save",
	"savePromptTitle": "Save Changes?",
	"savePromptBody": "Do you want to save the changes?",
	"dontSave_btn": "Don't Save",
	"cancel_btn": "Cancel",

	"TerritoryPlanning": "Territory Planning",
	"TerritoryPlanningMissingConfiguration": "Missing Configuration",
	"TerritoryPlanningCantFindcollectionPropertysMustHave": "The collection you selected for Territory Planning Time Phased rule cannot be used with shapes since it does not have the required properties.<br> You need to add the required properties or change the collection.",
	"TasksCoverageLayer": "Tasks Coverage Layer",
	"TerritoryCoverageLayer": "Territory Coverage Layer",
	"BackwardDay": "Move 1 day backward",
	"ForwardDay": "Move 1 day forward",
	"RefreshMap": "Refresh map",
	"ChangeDateOfMap": "Change the date of the map",
	"setWorkingArea": "Set Territory",

	"cantOptimizeTitle": "Optimize Now Error",
	"cantOptimizeBody": "Can't run Optimize Now without a district",


	"TerritoryPlanningWorkingArea": "Edit working area",
	"TerritoryPlanningEdit": "Edit shape",
	"TerritoryPlanningDelete": "Delete shape",
	"deleteHeaderMessage": "Delete",
	"deleteBodyMessage": "Are you sure you want to delete ",
	"deleteButton": "Delete",
	"cancelButton": "Cancel",
	"error": "Error",
	"sameWorkingAreaExist": "A working area with the same name already exists",
	"samePolygonExist": "A shape with the same name already exists",

	"requestTimedOutBody": "Request timed out. please check your internet connection and try again.",
	"requestTimedOutTitle": "Request timed out.",


	"TerritoryPlanningWorkingAreaName": "Name:",
	"TerritoryPlanningWorkingAreaAllowUpdate": "Change working area name",
	"TerritoryPlanningUnselectAll": "Unselect all",
	"TerritoryPlanningSelectAll": "Select all",
	"TerritoryPlanningRejectReason": "Reject Reason: ",
	"TerritoryPlanningScheduled": "Scheduled ",
	"TerritoryPlanningCovered": "Covered ",
	"TerritoryPlanningNotCovered": "Not Covered ",
	"TerritoryPlanningNotScheduled": "Not scheduled ",
	"TerritoryPlanningStay": "Stay on this page",
	"TerritoryPlanningLeave": "Leave this page",
	"TerritoryPlanningStayLeaveTitle": "Leave this Page?",
	"TerritoryPlanningDeleteBodyMessage": "Are you sure you want to delete shape ",
	"TerritoryPlanningStayLeaveBody": "Are you sure you want to leave this page? If you leave without saving, your changes will be lost.",
	"TerritoryPlanningPleaseRefresh": "Cannot display all tasks. Reset map boundaries and press refresh.",

	"TerritoryPlanningWorkingAreaDistrict": "District:",
	"TerritoryPlanningWorkingAreaNoDistrictSelected": "No district selected",
	"TerritoryPlanningWorkingAreaHeaderNew": "Create Working Area for Shape ",
	"TerritoryPlanningWorkingAreaHeaderEdit": "Edit Working area for Shape ",
	"Layers": "Layers",
	"TerritoryPlanningTogglePolygonList": "Show shapes list",
	"TerritoryPlanningClearPolygonName": "Clear shape name",
	"TerritoryPlanningAddNewPolygon": "Add a new shape",
	"TerritoryPlanningNewPolygon": "New shape",
	"TerritoryPlanningUpdatePolygon": "Edit shape",

	"TerritoryPlanningSave": "OK",
	"TerritoryPlanningUndo": "Undo",
	"TerritoryPlanningPolygonEditor": "Shape editor",

	"commentHeaderTitle": "Comments of ",
	"commentHeaderTitleNA": "Comments of : Non availability",
	"commentNotActive": "Comments are unavailable",
	"commentAdd": "Comment",
	"commentOk": "Close",
	"commentAddAcomment": "Add Comment",
	"commentNewCommentAdded": "New comment added",
	"lastComment": "Last comment by: ",
	"commentUserIsUnavailable": "User is unavailable",
	"appendingComment": "Unsubmitted comment",
	"fullNameNotFound": "User Full Name is empty",
	"districtNameInResources": "({district})",
	"TimeDomain_dots": "Time Domain:",
	"PropPanelDateTimeNotInRange": "Time not in range",
	"Start_dots": "Start:",
	"End_dots": "End:",
	"Domain_dots": "Domain:",
	"Task_dots": "Task:",
	"need_refresh_tooltip": "New tasks are waiting for task list refresh. Click to refresh",
	"need_autoRefresh_tooltip": "New tasks are waiting for task list auto refresh. Click to refresh manually",
	"toggleActiveModeTooltipEnabled": "Toggle off to see all resources",
	"toggleActiveModeTooltipDisabled": "Toggle on to filter out inactive resources",
	"ShowOnGantt_NotActiveEngineerMessage": "This task cannot be shown on the gantt because it is scheduled to an inactive resource which is not currently displayed.<br><br> Consider disabling the filter in order to see the task.",
	"ganttInfoTooltip": "Request details",
	"ganttInfoActiveTooltip": "The loaded data differs from the domain used to retrieve candidates. Consider running Get Candidates again",
	"ganttRelaxTooltip": "Expand potential candidates list",
	"ganttRelaxGlobeTooltip": "Show selected task and returned candidates on map",
	"RelaxSkillsToggle": "Include resources without the required skills",
	"RelaxBusinessToggle": "Include resources outside the business hierarchy",
	"RelaxOvertimeToggle": "Include optional hours",
	"RelaxNotAllDomainsAlertMsg": "If relaxing business hierarchy, consider loading additional domains to expand the list of potential candidates.",
	"GetCandidates": "Get Candidates",
	"getCandidatesWithRelaxation_LoadNodesDlg_Title": "Loading new candidates",
	"getCandidatesWithRelaxation_LoadNodesDlg_Msg": "Loading will recalculate the new candidates out of all loaded resources. would you like to preside?",
	"getCandidatesWithRelaxation_LoadNodesDlg_LoadBtn": "Load Candidates",
	"getCandidatesWithRelaxation_LoadNodesDlg_CancelBtn": "Cancel",
	"TaskList_PageInfo": "{0}-{1} out of {2} tasks, {3} selected",
	"TaskList_UnselectOption": "unselect",
	"TaskList_MoreOption": "More",
	"TaskList_LessOption": "Less",
	"TaskList_NextPage": "Go to the next page",
	"TaskList_PreviousPage": "Go to the previous page",
	"TaskList_SortWindowHeader": "Task List",
	"Clipboard_SortWindowHeader": "Clipboard",
	"TaskList_FilterTasks": "Filter Tasks",
	"TaskList_SortTasksTooltip": "Sorted by: {0}",
	"TaskList_ManageFilters": "Manage Filters",
	"TaskListResetFilter": "Reset Filters",
	"TaskListClearFilter": "Clear Filters",
	"TaskList_CloseFilterOptions": "Close",
	"TaskList_ShowAllObjectsFilterName": "All",
	"TaskList_LastRefresh": "Last refresh: {0}",
	"TaskList_TimeDomainFrom": "Set time domain from ",
	"TaskList_TimeDomainTo": "to",
	"TaskList_TimeDomainTooltip": "Split task list time domain",
	"TaskList_StartPrecedesFinish": "Start time should precede Finish time",
	"TaskList_Search": "Search Tasks",
	"TaskList_Sort": "Sort Tasks",
	"TaskList_AppliedFilter": "Applied Filter: {0}",
	"TaskList_SelectedStatuses": "Showing only tasks with statuses: {0}",
	"TaskList_TimeDomain": "Tasks time domain: {0} - {1}",
	"TaskList_Refresh": "Refresh Task list ",
	"TaskList_ManuallyRefresh": "manually",
	"TaskList_AutomaticallyRefresh": "automatically",
	"TaskList_autoRefreshEvery": "every ",
	"TaskList_autoRefreshMinutes": "minute(s)",
	"TaskList_autoRefreshAutomaticToolTip": "Task list refresh – Automatic",
	"TaskList_autoRefreshManualToolTip": "Task list refresh – Manual",
	"TaskList_refreshTimerToolTip": "Auto refresh every {0} minute(s)",
	"TaskList_nextRefreshToolTip": "Next auto refresh in {0} (min : sec)",
	"TaskList_newTaskToolTip": "Newly added Task",
	"Gantt_RelocationLabel": "Relocated to {0}",
	"Gantt_CrewAllocationLabel": "Allocated to {0}",
	"Gantt_TravelDistanceColumnHeader": "Distance",
	"Gantt_TravelTimeColumnHeader": "Time",
	"Relocation": "Relocation",
	"CrewAllocation": "Crew Allocation",
	"LunchBreakToolTipHeader": "Lunch Break",
	"LunchBreakToolTipFormat": "Start: {0}<br>Duration: {1}",
	"LunchBreakToolTipActualFormat": "Reported Break: {0} – {1}",
	"Gantt_ShiftToolTipFormat": "{0}-{1}\nCan be used for '{2}' only.",
	"Gantt_intervalCapacityFormat": "{0}%",
	"Gantt_intervalCapacityToolTipHeaderFormat": "Summary of {0}",
	"Gantt_intervalCapacityToolTipContentFormat": "Daily working hours: {WorkTotalDuration}\nDaily optional hours: {OptionalWorkTotalDuration}\nTotal tasks duration: {TotalTasksDuration}\nTotal NA duration: {TotalNonAvailabilitiesDuration}\nTotal travel time: {TotalTravelDuration}",
	"Gantt_intervalCapacityToolTipBottomFormat": "Utilization: {0}",
	"Gantt_ZeroDurationIntervalCapacity": "-None-",
	"DeletePropertyTooltip": "Remove",
	"MultiSortCaptions": "{0} Sorting",
	"SortButton": "Sort",
	"FieldPickerAvilableFieldsHeader": "Select Columns",
	"FieldPickerSelectedFieldsHeader": "Sort By",
	"FieldPickerSearchText": "Search...",
	"FieldPickerSelectedPropertiesDescription": "Drag Here",
	"FieldPickerDescription": "Drag the columns you wish to use for sorting into the desired order",
	"FieldPickeDefaultSort": "Default",
	"searchResources": "Search Resources",
	"MultiSortStringASC": "A to Z",
	"MultiSortStringDESC": "Z to A",
	"MultiSortBooleanASC": "Yes to No",
	"MultiSortBooleanDESC": "No to Yes",
	"MultiSortDateASC": "Old to New",
	"MultiSortDateDESC": "New to Old",
	"MultiSortDefaultASC": "Ascending",
	"MultiSortDefaultDESC": "Descending",
	"toggleBusinessHoursTooltip": "Toggle working hours on/off",
	"ganttResolutionTooltip": "Change Gantt resolution",
	"ganttChangeStartDate": "Change the start date of the Gantt",
	"ganttLeftOneArrow": "Move 1 day backward",
	"ganttRightOneArrow": "Move 1 day forward",
	"ganttLeftTwoArrow": "Move 2 days backward",
	"ganttRightTwoArrow": "Move 2 days forward",
	"ganttLeftWeekArrow": "Move 7 days backward",
	"ganttRightWeekArrow": "Move 7 days forward",
	"ganttLeftMonthArrow": "Move 4 weeks backward",
	"ganttRightMonthArrow": "Move 4 weeks forward",
	"pending": "Pending",
	"ruleViolationModalTitle": "The scheduling raised rule violations",
	"ruleViolationDetailsLine": "Your attempt to schedule the task <span>{1}</span> to <span>{2}</span> on <span>{3}</span> raised <span>{4}</span> rule violations",
	"ruleViolationCheckLine": "The scheduling of task <span>{0}</span> to <span>{1}</span> on <span>{2}</span> raised <span>{3}</span> rule violations",
	"ruleViolationCheckLine_snapRight": "The new scheduling of task <span>{0}</span> to <span>{1}</span> raised <span>{2}</span> rule violations",
	"ruleViolationCheckLine_snapLeft": "The new scheduling of task <span>{0}</span> to <span>{1}</span> raised <span>{2}</span> rule violations",
	"rulesViolationLastCheck": "Last check on {1} raised {2} violations",
	"ruleViolationActionQuestion": "What would you like to do next?",
	"ruleViolationScheduleWithViolation": "Schedule with violations",
	"ruleViolationContinueWithViolation": "Continue with violations",
	"ruleViolationCancelScheduling": "Cancel scheduling",
	"ruleViolationCancelAndReturn": "Cancel and return to form",
	"ContextAction_addRelatedTasks": "Show Related Tasks",
	"ContextAction_changeStatus": "Change Status",
	"ContextAction_getObject": "Get Object",
	"ContextAction_lockTask": "Pin Task",
	"ContextAction_unlockTask": "Unpin Task",
	"ContextAction_checkRules": "Check Rules",
	"ContextAction_unscheduleTasks": "Unschedule",
	"ContextAction_followUp": "Create Follow-up Task",
	"ContextAction_duplicateTask": "Duplicate Task",
	"ContextAction_OpenInNewTab": "Open In New Tab",
	"ContextAction_multiPersonTask": "Manage Resources",
	"ContextAction_unscheduleTasks_ProjectDialog": "This task has been scheduled to more than one resource. Do you want to unschedule for all resources?",
	"ContextAction_unscheduleTasks_ProjectDialog_Yes": "Unschedule",
	"ContextAction_unscheduleTasks_ProjectDialog_No": "Cancel",
	"ContextAction_unscheduleTasks_ProjectDialog_Title": "Unschedule",
	"ContextAction_callResource": "Call",
	"ContextAction_showTaskOnGantt": "Show on Gantt",
	"ContextAction_allocateToResource": "Allocate to Crew",
	"ContextAction_showOnMap": "Show Home Base",
	"ContextAction_showTaskOnMap": "Show on Map",
	"ContextAction_showEngineersLocationOnMap": "Show Current Location",
	"ContextAction_editObject": "Edit",
	"ContextAction_createNa": "Create NA",
	"ContextAction_deleteObject": "Delete",
	"ContextAction_resourceTasksToClipboard": "Add Tasks To Clipboard",
	"ContextAction_relocateResource": "Relocate Resource",
	"ContextAction_showResourcesDailyRouteOnMap": "Show Daily Route",
	"ContextAction_includeBreak": "Include Break",
	"ContextAction_excludeBreak": "Exclude Break",
	"ContextAction_rescheduleBreak": "Reschedule Break",
	"ContextAction_comment": "Comment",
	"NonAvailability": "Nonavailability",
	"noRuleViolations": "No rule violations were found",
	"showRuleViolationsTitle": "Rule Violations Check",
	"showRuleViolationsTitleWithIron": "Non Breakable Rule",
	"ironRulesDescription": "At least one of them is a system unbreakable rule - cannot confirm scheduling.",
	"regularRules": "Regular Rule(s):",
	"nonBreakableRules": "Non breakable Rule(s):",
	"LastUpdate": "Last Update:",
	"LastUpdate_Tooltip_OK": "Connected and synced with server",
	"MultipleLunchBreakWarning": "Warning: Multiple lunch breaks",
	"MultipleLunchBreakWarning_ToolTip": "Only the first lunch break is displayed.",

	"DomainSelection": "Domain Selection",
	"IsNotADistrict": "You can only select the lowest level business hierarchy entities. <br> Please deselect the following:  ",

	"LastUpdate_Tooltip_BAD": "Not connected to server. Please reload to try again",
	"taskInJeopardy": "This task is in jeopardy",
	"confirmDelete": "Are you sure you want to delete this object?",
	"ClipboardEmpty": "Clipboard is empty",
	"ClipboardEmptyExplain": "You can add tasks to your clipboard using the \"Add to Clipboard\" action from the context menu",
	"Clipboard": "Clipboard",
	"Clipboard_TaskNotAvailable": "The related task has been deleted and therefore cannot be added",
	"Tasks": "Tasks",
	"ContextAction_addToClipboard": "Add to Clipboard",
	"ContextAction_removeFromClipboard": "Remove from Clipboard",
	"TasksInClipboard": "There are {0} tasks, {1} selected",
	"ClearClipboard": "Clear Clipboard",
	"MaxSizeClipboard": "Clipboard maximum size is {0}",
	"NoTasksFound": "No Tasks Found",
	"NoTasksFoundExplain": "Try to refine your filters",
	"NoDistrictLoaded": "No District Loaded",
	"HowToStartUseSchedule": "Start using ClickSchedule by selecting districts from the upper right corner",
	"New": "New",
	"Task": "Task",
	"NA": "Nonavailability",
	"selectedTaskContextMenuCount": "{1} tasks selected",
	"ContextAction_schedTasks": "Schedule",
	"SchedulingResult": "Scheduling Results",
	"NoScheduleResultsTitle": "This is a bit awkward but we didn't find a matching schedule",
	"NoScheduleSuggestion": "As a suggestion, try checking the following:",
	"Suggestion1": "Check the early and due date of the tasks and try to extend them",
	"Suggestion2": "Check the availability of your resources",
	"Suggestion3": "Try getting possible candidates to see where the tasks can fit",
	"AcceptSchedule": "Accept Schedule",
	"Reject": "Reject",
	"TaskNotScheduled": "Task is not scheduled",
	"NoMatchingScheduleFound": "No matching schedule was found (task will be unscheduled)",
	"SchedulingResultLine": "We found {1} scheduling options (out of {2}). Review them and choose to accept or reject them. You can add the tasks to your clipboard as well.",
	"schedResultsNone": "None",
	"schedResultsAll": "All",
	"schedResultsScheduled": "Scheduled",
	"schedResultsUnscheduled": "Unscheduled",
	"schedResultsAddToClipboard": "Add to Clipboard: ",
	"noCandidatesFound": "No Candidates Found",
	"noCandidatesMessages": "We were unable to find any candidates",
	"noCandidatesTextMessages": "No Candidates to Display",
	"candidatesSearchDetails": "Candidates Search Details",
	"candidatesSearchOptions": "Candidates Search Options",
	"noRelaxCandidatesMessages": "No matching candidates were found.<br> Consider expanding the search to include additional<br> resources or changing the time domain.",
	"hideCandidates": "Clear Candidates",
	"ClearCandidates": "Clear Candidates",
	"SearchTasks": "Search Tasks",
	"ErrorFound": "There was a problem. Please try again later. ",
	"ErrorResolution": "If the problem continues, contact ClickSoftware Support.",
	"ActionScheduleNotFountTitle": "These tasks will be unscheduled:",
	"Actions": "Actions",
	"ContextAction_getCandidates": "Get Candidates",
	"ContextAction_updateSchedule": "Rearrange Schedule",
	"Resource_Not_Found_Title_GlobalSearch": "Resource Not Found",
	"Resource_Not_Found_Not_active": "This resource cannot be shown on the gantt because it is inactive.<br><br> Consider disabling the filter in order to see the resource.",
	"Resource_Not_Found_GlobalSearch": "The resource '{0}' is from district '{2}' that is not loaded and therefore cannot be shown on the Gantt.<br><br>Do you want to load the district?",
	"Resource_Not_Found_GlobalSearch_needToClearDomainFilterAndLoadPath": "The resource '{0}' is from district '{2}' that is not loaded and therefore cannot be displayed on the Gantt. The resource might also be filtered out by the Gantt filters.<br><br>Do you want to load the district and clear the Gantt filters?",
	"Resource_Not_Found_GlobalSearch_needToClearDomainFilter": "The resource '{0}' from district '{2}' is filtered out and therefore cannot be shown on the Gantt.<br><br>Do you want to clear the Gantt filters?",
	"Resource_Not_Found_In_Show_Candidates": "This resource cannot be shown on the gantt because get candidates results are currently displayed. Consider clearing candidates in order to see the task/resource.",
	"UpdateSchedule_Title": "Rearrange Schedule",
	"UpdateSchedule_Body": "No task was updated.",
	"Task_distance_km": "{distance} km",
	"Task_distance_meter": "{distance} m",
	"Task_distance_miles": "{distance} miles",
	"Task_distance_time": "{time}",
	"ManageResources": "Manage Resources",
	"MultyTaskAction_Title": "Select  the Resources to be scheduled to the Task CallID : {ID} Number: {NUMBER}",
	"MultyTaskAction_Task": "Task : {Task_title} ",
	"MultyTaskAction_Task_Title_desc": "Use the check boxes to schedule, or unschedule, a resource to the task. <br>Use the star next to a resource name to indicate the team leader.",
	"MultyTaskAction_TeamLeader": "Team Leader",
	"FollowUpAction_Title": "Create a Follow Up Task",
	"FollowUpAction_Body": "Are you sure you want to create a follow-up task?",
	"FollowUpAction_Yes": "Create",
	"Blocked_CantRescheduleForPastTime": "Can't reschedule in the past or out of calendar time",
	"Blocked_EngineerShouldNotGetLunch": "Break change cannot be performed",
	"Blocked_LunchEarlyStartIsInThePast": "Can't reschedule because start is in the past",
	"Blocked_LunchEarlyStartIsTooEarly": "Break cannot be scheduled earlier then permitted timeBlocked_ActualLunchWasAlreadyReported",
	"Blocked_LunchLatestStart": "Lunch Latest Start",
	"Blocked_IncludeLunchInAssignmentByGroup": "Cannot include break because Assignment is not part of the allowed Group",
	"Blocked_ExcludeLunchFromAssignmentByGroup": "Cannot exclude break because Assignment is not part of the allowed Group",
	"Blocked_ByMandatoryParameters": "By Mandatory Parameters",
	"Blocked_ActionIsAllowOnlyForCurrentDay": "Break reporting is allowed only for current day",
	"Blocked_ActualLunchWasAlreadyReported": "Can’t include break, already reported",
	"Blocked_ActualStartTimeIsOutsideAssignmentIncludedLunch": "Reported break is outside of break included assignment time",
	"Blocked_Unknown": "Unknown",
	"Blocked_Operation": "Action Blocked",
	"Blocked": "Action Blocked",
	"MdtHeader": "Assignment Duration:",
	"MdtTotalTimeHeader": "Total time of multiday task on calendar",
	"MdtNetTimeHeader": "Net working time",
	"MdtHours": "(Hours)",
	"MdtMinutes": "(Minutes)",
	"addToClipboard": "Add to Clipboard",
	"schedResultsAddToClipboardReshuffule": "Add to Clipboard",
	"ContextAction_reshuffle": "Reshuffle",
	"AcceptReshuffle": "Accept Reshuffle",
	"Reshuffle_Explain": "Displaying the reshuffle results. Please note that some tasks might have been scheduled to a different day and time.",
	"NothingToReshuffle": "Nothing to reshuffle.",
	"mapNewTab": "Open map in a new tab",
	"QuickFilters": "Quick Filter",
	"TasksProperties": "Tasks Properties",
	"InJeopardy": "InJeopardy",
	"Unscheduled": "Unscheduled",
	"TasksStatuses": "Tasks Statuses",
	"ReshuffleThis": "Request reshuffled task",
	"LunchBreak": "Lunch",
	"ReshuffleResults": "Reshuffle Results",
	"ScheduleIdleResource": "Schedule Idle Resource",
	"ContextAction_scheduleIdleResource": "Schedule Idle Resource",
	"ContextAction_newNA": "New NA",
	"ContextAction_newTask": "New Task",
	"ContextAction_newCrew": "New Crew",
	"OptimalSchedule": "Already in optimal schedule",
	"ShowOnGantt": "Show on Gantt",
	"ShowOnGantt_LoadDistrict": "Load District",
	"ShowOnGantt_ClearDomainFilterAndLoadDistrictBtn": "Clear Filters & Load District",
	"ShowOnGantt_ClearDomainFilterBtn": "Clear Filters",
	"Gantt_msgBar_CantDragPinnedTask": "A pinned task cannot be rescheduled",
	"Gantt_msgBar_CantDragTaskThatIncludesBreak": "A task that includes a lunch break cannot be rescheduled",
	"Gantt_msgBar_CantDragNaThatIncludesBreak": "A Nonavailability that includes a lunch break cannot be rescheduled",
	"ShowOnGantt_LoadDistrictMessage": "This task is scheduled to a resource from district '[DISTRICT]' that is not loaded and therefore cannot be shown on the Gantt.<br><br>Do you want to load the district?",
	"ShowOnGantt_needToClearDomainFilterAndLoadDistrictMessage": "This task is scheduled to a resource from district '[DISTRICT]' that is not loaded and therefore cannot be shown on the Gantt. The resource might also be filtered out by the Gantt filters.<br><br>Do you want to load the district and clear the Gantt filters?",
	"ShowOnGantt_needToClearDomainFilterMessage": "This task is scheduled to a resource that is filtered out by the Gantt filters and therefore cannot be shown on the Gantt.<br><br>Do you want to clear the Gantt filters?",
	"TimeDomainGanttDependent": "Time domain is Gantt dependent",
	"OptimizationHorizon": "Optimization Horizon",
	"OptimizeNow": "Optimize Now",
	"PinnedTask": "Pinned Task",
	"RelatedTask": "This task is related to other task(s)",
	"LunchBreakIncluded": "Lunch Break Included",
	"LunchBreakIncludedOver": "Lunch Break Included and taken",
	"LunchBreakDurationMin": "Min",
	"IdleResource_Explain": "The following schedule was found for {0}:",
	"Map_EngineerInfoWindowContentFormat": "{Name}",
	"ShowOnGanttIsContractor": "This task cannot be shown on the Gantt because it is scheduled to a Contractor",
	"DeleteNAS": "Delete",
	"OptimizeNowLine1": "Optimize the selected domain to schedule open tasks and improve the schedule of tasks already assigned, based on your company’s business goals. Select whether to optimize today’s schedule or tomorrow’s schedule.",
	"OptimizeNowLine2": "While the optimization is running, you can continue working normally. You can easily track the optimization process, and also stop it at any time.",
	"OptmizeNowWhenToRun": "Select the schedule you would like to optimize",
	"Run": "Run",
	"OptimizeRunning": "Optimization is running at the moment",
	"WorkingHoursSetting": "Settings",
	"WorkingHours": "Working Hours",
	"WorkStarts": "Work day starts:",
	"WorkWeek": "Work week:",
	"WorkEnds": "Work day ends:",
	"PropPanelDateTimeNotValidDate": "not a valid date!",
	"PropPanelsMandatoryMessage": "This is a mandatory field!",
	"IsWorkingDay": "Is working day",
	"mustBeBefore": "Work Day End must be bigger than Work Day Start!",
	"Sunday": "S",
	"Monday": "M",
	"Tuesday": "T",
	"Wednesday": "W",
	"Thursday": "T",
	"Friday": "F",
	"Saturday": "S",
	"OptimizeRunning": "Optimization is running at the moment",
	"openMegaTask": "Open Megatask",
	"AddToMegaTaskMoreThan1": "Add {0} tasks to a Megatask",
	"AddToMegaTaskEq1": "Add {0} task to a Megatask",
	"AddToNewMegatatk": "Create Megatask",
	"CreateNewMT": "Create new Megatask",
	"OnlyCreateNewMT": "Select megatask configuration",
	"AddToexistingMT": "Add to existing Megatask",
	"AddToSecondMT": "Open existing Megatask",
	"PoliciesError": "No policies available",
	"SelectExistingMT": "Select Megatask",
	"OpenAnotherMT": "Open another megatask",
	"SelectStatus": "Select Status",
	"SelectStatusText": "Select new status for removed subtask(s)",
	"SumTasks": "tasks",
	"OneTask": "task",
	"SelectMegaTask": "Select a Megatask",
	"NoMatchData": "No items to display",
	"GridPageableEmptyData": "No items to display",
	"GridPageableItemsPerPage": "5",
	"GridPageableFirstPage": "First",
	"GridPageableLastPage": "Last",
	"GridPageableNextPage": "Next",
	"GridPageablePreviousPage": "Previous",
	"GridPageableMorePages": "More",
	"MessageMTDelete": "Note: This is the last subtask(s) in the megatask.\n Once removed, the megatask will be deleted.",
	"BundlerErrorTitle": "Megatask Error",
	"BundlerErrorBody": "There is a problem with the Megatask (bundler) configuration - no removal statuses have been set. Please contact your system administrator.",
	"BundlerErrorBodyNotFound": "Bundler Parameters not found",
	"BundlerMessageTitle": "Unable to create megatask",
	"BundlerMessageBody": "There are already {0} megatask boxes open. Please close one or more of the open boxes, and try again. Alternatively, tasks can be added by drag and drop onto one of the open megatask boxes.",
	"MegaTask": "Megatask",
	"BundlerLimitationMessageTitle": "Unable to open Megatask Box",
	"BundlerLimitationMessageBody": "Only {0} megatask boxes can be opened simultaneously. Please close one or more of the open boxes, and try again.",
	"CloseBundleBox": "Close megatask box",
	"Minimize": "Minimize",
	"OpenMTForm": "Open megatask form",
	"OpenForm": "Open form",
	"Unbundle": "Remove from megatask",
	"Maximize": "Maximize",
	"DragText": "Drag tasks in here",
	"RebundleMessageTitel": "Move task to another Megatask",
	"RebundleMessageBody": "Note: The task is already part of a Megatask.\n Dragging will move the task to another Megatask.",
	"SearchPlaceholder": "Search...",
	"NoFiltersMessage": "Configure suitable filters in order to see results",
	"MegaTask_SortWindowHeader": "Subtasks",
	"MegataskfilterIndex": "Filtered by:",
	"zoomIn": "Zoom In",
    "zoomOut": "Zoom Out",
	"permanent": "Default",
	"singleDay": "Single day",
	"recurrence": "Recurrence  - ",

	"recurreEvery": "Recur every week on:",

	"Sun": "S",
	"Mon": "M",
	"Tue": "T",
	"Wed": "W",
	"Thu": "T",
	"Fri": "F",
	"Sat": "S",

	"noDaySelected": "Select a day",

	"selectADate": "Territory Time Domain",
	"timeDescription": "Set the resource's working time domain",

	"Latitude": "Latitude",
	"Longitude": "Longitude",
	"Address": "Resource Working Location",
	"LatLongInvalid": "Invalid input",
	"FilterName": "Territory for",

	"emptyOrInvalidDate": "Empty or invalid date",
	"SetAreaTypeHeader": "Set Work Area Type",
	"SetAreaTypeDescription": "Define the resource work area by",
	"OptionBoth": "Shape and Radius",
	"optionRadius": "Radius",
	"optionArea": "Shape",
	"LayerErrorCaption": "Google map error",
	"LayerErrorMessage": "Error in loading layer '{0}'. <br>Please contact your system administrator.",
	"LAYER_STATUS_DOCUMENT_NOT_FOUND": "The document could not be found.",
	"LAYER_STATUS_DOCUMENT_TOO_LARGE": "The document exceeds the file size limits of KmlLayer.",
	"LAYER_STATUS_FETCH_ERROR": "The document could not be fetched.",
	"LAYER_STATUS_INVALID_DOCUMENT": "The document is not a valid KML, KMZ or GeoRSS document.",
	"LAYER_STATUS_INVALID_REQUEST": "The KmlLayer is invalid.",
	"LAYER_STATUS_LIMITS_EXCEEDED": "The document exceeds the feature limits of KmlLayer.",
	"LAYER_STATUS_TIMED_OUT": "The document could not be loaded within a reasonable amount of time.",
	"LAYER_STATUS_UNKNOWN": "The document failed to load for an unknown reason.",
	"btn_close": "Close",

	"ManageFilters": "Manage",
	"ClearFilters": "Clear",
	"GanttFiltersTooltip": "Gantt Filters",
	"LimitFiltersSelection": "Maximum 5 active filters allowed",
	"FilterToolTip": "{0} active Gantt filter(s)",
	"NoFilterToolTip": "No active Gantt filters",
	"FavoriteFilters": "Favorites",
	"AddToFavoriteToolTip": "Add to favorites",
	"RemoveFromFavoriteToolTip": "Remove from favorites",
	"NoFavoriteFilter": "(None)",
	"NoFilter": "(None)",
	"AllFilters": "Filters",
	"SettingsTitle": "Settings",
	"GanttSettingsToolTip": "Display options",
	"BusinessHoursSetting": "Working Hours",
	"InactiveResroucesSetting": "Inactive Resources",
	"WorkingHoursSettings": "Working Hours",
	"TPActionSetWorkingArea": "Set Working Area",
	"TPActionDeleteWorkingArea": "Remove Working Area",

	"RadiusAddress": "Address",
	"Coordinates": "Coordinates",
	"Distance": "Distance",
	"TravelTime": "Travel Time (HH:MM)",
	"TimeFrame": "Time Domain",
	"DeleteRadiusHeader": "Remove Working Area",
	"DeleteSingleRadiusBody": "You are about to remove the working area for {0} at date {1}. <br>Are you sure?",
	"DeleteReoccurringRadiusBody": "You are about to remove the recurring working area for {0} for each {1}. <br>Are you sure?",
	"DeleteDefaultRadiusBody": "You are about to remove the default working area for {0}. <br>Are you sure?",
	"Default": "Default",
	"Recurring": "Recurring",
	"SelectedDate": "Selected date",
	"Km": "KM",
	"Mile": "miles",

	"GetAppointmentTitle": "Book Appointment",
	"GetAppointmentBtnCancel": "Cancel",
	"GetAppointmentBtnDone": "Book",
	"GetAppointmentBtnProcessing": "Processing...",
	"GetAppointmentShowRelevent": "Show Relevent",
	"GetAppointmentNoSlotMessage": "There are no slots available for this task. Please try modifying one of the task constraints.",
	"GetAppointmentNoMoreSlotMessage": "There are no additional slots available for this task. Please try modifying one of the task constraints.",
	"GetAppointmentNoProfileMessage": "The appointment booking profile has not been configured. Please try again after configuring the profile.",
	"GetAppointmentInvalidDaysMessage": "The configuration of days for this feature is incorrect. Please contact your administrator.",
	"GetAppointmentInvalidSlotMessage": "The configuration of slots for this feature is incorrect. Please contact your administrator.",
	"GetAppointmentDelayHorizoneMessage": "Scheduling in this time slot might take some time. Please wait.",
	"GetAppointmentFailedScheduleMessage": "OOps, it seems that this time slot is no longer available. Please select another time slot.",
	"GetAppointmentWeekDays": {
		"Today": "Today",
		"Sunday": "Sun",
		"Monday": "Mon",
		"Tuesday": "Tue",
		"Wednesday": "Wed",
		"Thursday": "Thu",
		"Friday": "Fri",
		"Saturday": "Sat"
	},
	"GetAppointmentMonths": {
		"January": "Jan",
		"February": "Feb",
		"March": "Mar",
		"April": "Apr",
		"May": "May",
		"June": "Jun",
		"July": "Jul",
		"August": "Aug",
		"September": "Sep",
		"October": "Oct",
		"November": "Nov",
		"December": "Dec"
	},
	"EditPolygonWorkingTerritoryHeader": "Manage resources for '{0}'",
	"EditPolygonWorkingTerritoryTasks": "Tasks",
	"EditPolygonWorkingTerritoryEngineers": "Resources assigned",
	"EditPolygonWorkingTerritoryViolations": "Task violations",
	"EditPolygonWorkingTerritoryHours": "Duration",
	"EngineersListLabel": "Resources {0} - Time domain",
	"AddEngineerLabel": "Add",
	"NoResourcesSelected": "No resources selected",
	"NoResources": "No Resources",
	"ScreenReader_GanttEngineer": "Engineer: {0}",
	"ScreenReader_GanttTask": "Task: {0}",
	"ScreenReader_GanttNA": "Non availability: {0}",
	"ScreenReader_GanttRelocation": "Relocation: {0}",
	"ScreenReader_GanttCrewAllocation": "Crew allocation: {0}",
	"ScreenReader_GanttLunchBreak": "Lunch break",
	"ScreenReader_GanttIntervalCapacity": "Interval capacity: {0}",
	"ScreenReader_GanttPanUltimateNode_Expanded": "District {0}, expanded",
	"ScreenReader_GanttPanUltimateNode_Collapsed": "District {0}, collapsed",

	"GanttSorting": "Gantt Sorting",
	"GanttSortResourcesTab": "Resources",
	"GanttSortDistrictsTab": "Districts",
	"GanttSortBackToSort": "Cancel manual ordering",
	"GanttSortResrouceToolTip": "Resources - Sorted by: {0}",
	"GanttSortDistrictToolTip": "Districts - Sorted by: {0}",
	"GanttSortExceedLimit": "Maximum 5 columns can be selected",
	"GanttSortManualSort": "Manual order",

	"TerritoryDeletedErrorHeader": "Territory Deleted",
	"TerritoryDeletedErrorBody": "The resource {0} was removed from the territory by another user. Remove the resource from the window or click Cancel to close the window without saving.",
	"TerritoryChangeWorkingAreaHeader": "Change Working Area",
	"TerritoryChangeWorkingAreaBody1": "Adding the following resources to the work area will change their working area type from Radius to Shape:",
	"TerritoryChangeWorkingAreaBody2": "Do you want to proceed?",
	"SetRadiusAndPolygonMessageHeader": "Cannot edit territory",
	"SetRadiusAndPolygonMessageBody": "The work area type for {0} for this time domain isn’t radius. Open the relevant shape configuration or territory form to edit.",
	"EditRadiusErrorMessageHeader": "Error",
	"EditRadiusErrorMessageBody": "The territory of {0} was changed or deleted by another user. Refresh your map to see the changes.",

	"MRTV2SelectedResource": "Selected",
	"MRTV2Unfit": "Unfit",
	"MRTV2Occupied": "Occupied",
	"MRTV2BtnAutoAllocation": "Auto Allocation",
	"MRTV2BtnAutoAllocationBusy": "Processing...",
	"MRTV2BtnOK": "Done",
	"MRTV2BtnCancel": "Cancel",
	"MRTV2MsgNoLeader": "It’s mandatory to select a leader, please check a source",
	"MRTV2MsgAutoAlocationFailed": "It seems like the system cannot allocate resources",
	"MRTV2MsgAutoAlocationSuccess": "Allocation complete!",
	"MRTV2TimeLable": "Time: {Time_Title}",
	"MRTV2UpdateFailedMessage": "Failed to update",
	"MRTV2UpdateSuccessMessage": "Project tasks updated, Count: {_count}",
	"MRTV2NoMoreUpdateMessage": "No additional project tasks updated.",
	"MRTV2AlignTasksMessageTitle": "Align Project Tasks",
	"MRTV2AlignTasksMessageBody": "This action will align all other project tasks with selected task.",
	"MRTV2AlignTasksBtnOK": "OK",
	"MRTV2TaskUpdateMessageTitle": "Warning",
	"MRTV2TaskUpdateMessageBody": "The project task has been updated by another user or process which may invalidate your current selection.<br/>Would you like to reload the latest task version or cancel the allocation?",
	"MRTV2TaskUpdateBtnOK": "Reload",
	"MRTV2TaskUpdateBtnCancel": "Cancel"
}
