﻿{
  "TimeMoverHeader": "Demo Time Mover",
  "TimeMoverSubHeader": "Choose new time for the demo",
  "TimeMoverDataOnLabel": "Data on - Update current time and data",
  "TimeMoverSelectDateLabel": "Please select a new date:",
  "TimeMoverSelectDateAlert": "New Demo Date: ",
  "TimeMoverExplanation": "Demo time will be set to:",
  "TimeMoverApplyButton": "Apply",
  "TimeMoverDomainLabel": "Domains",
  "TimeMoverSearchInput": "Search...",
  "TimeMoverCloseButton": "Close",
  "TimeMoverSuccsesfulLabel": "Demo Time was moved successfully!",
  "TimeMoverFailedMessage1": "Demo Time procedure failed due to server issues!",
  "TimeMoverFailedMessage2": "Please restore tenant and try again.",
  "TimeMoverFailedToInitialize": "Failed to initialize the Time Mover app: ",
  "TimeMoverFailedToGetObjects": "Failed to get objects from server: ",
  "TimeMoverFailedToUpdateCTFD": "Failed to update CurrentTimeForDebug: ",
  "TimeMoverGetObjectsButton": "Get Objects",
  "TimeMoverErrorTitleNoDistrictSelected": "Invalid Selection",
  "TimeMoverErrorBodyNoDistrictSelected": "No district was selected!",
  "TimeMoverCurrentObjectStatusGetObjects": "Getting Objects From Server...",
  "TimeMoverCurrentObjectStatusGetAssignments": "Getting Assignment Objects...",
  "TimeMoverErrorTitleZeroDaysDelta": "Invalid Date",
  "TimeMoverErrorBodyZeroDaysDelta": "No date destination was selected \n Please select a valid date either in the past or future",
  "TimeMoverSuccessTitleTimeMove": "Success",
  "TimeMoverSuccessBodyTimeMove": "Time was moved successfully!",
  "TimeMoverCurrentObjectStatusUpdateDateProperties": "Updating date properties...",
  "TimeMoverCurrentObjectStatusUpdateServer": "Updating server objects...",
  "TimeMoverCurrentObjectStatusGetTasks": "Getting Task Objects...",
  "TimeMoverCurrentObjectStatusUpdateTasks": "Updating server Tasks...",
  "TimeMoverCurrentObjectStatusUpdateNAs": "Updating Non-Availabilities in server...",
  "TimeMoverConnectionErrorTitle": "Connection Error",
  "TimeMoverConnectionErrorBody": "ClickStudio encountered an unexpected connection error \n Please reload the page and try again",
  "TimeMoverCurrentObjectStatusUpdateTimesheet_SO": "Updating server Timesheet_SO...",
  "TimeMoverCurrentObjectStatusUpdateCrewAllocations": "Updating server Crew allocations...",
  "TimeMoverCurrentObjectStatusUpdateContractorCapacity": "Updating server Contractor Capacities...",

  "LocationMoverHeader": " Demo Location Mover",
  "LocationMoverSubHeader": "Choose a new location for your demo",
  "LocationMoverRegionCheackBox": "Pick Region...",
  "LocationMoverDistrictCheackBox": "Pick District...",
  "LocationMoverShiftDataButton": "Shift Data",
  "LocationMoverSearchBox": "Please enter the address or click the map...",
  "LocationMoverCompletionBar": "Complete",
  "LocationMoverSelectedAdress": "The selected address is:",
  "LocationMoverModalHeader": "Location Mover",
  "LocationMoverModalSubHeader": "Almost done!",
  "LocationMoverModalP1": "You can now select whether you want to update the geolocations only or update the addresses as well.",
  "LocationMoverModalP2": "“Geolocations only” will adjust your longitudes and latitudes and your demo flow will work as usual. This will take approximately 4 minutes.",
  "LocationMoverModalP3": "“Geolocations and addresses” will also update the addresses that appear in the object forms. This is a cosmetic issue of what you see when opening the object form – it has no effect on the functionality of the demo. This process will take approximately 25 minutes.",
  "LocationMoverModalSelect": "Select what you would like to update",
  "LocationMoverModallGeoOff": "Geolocations only",
  "LocationMoverModallGeoOn": "Geolocations and addresses",
  "LocationMoverModalApplyButton": "Apply",
  "LocationMoverModalCloseButton": "Close",

  "DictionaryGeneratorHeader": "Dictionary Editor",
  "DictionaryGeneratorSubHeader": "Edit your business objects and dictionaries names",
  "DictionaryGeneratorGoButton": "Go",
  "DictionaryGeneratorRestoreToDefualt": "Restore To Default",
  "DictionaryGeneratorVerticalCheackBox": "--Pick Vertical--",
  "DictionaryGeneratorLangugeCheckBox": "--Pick Languge--",
  "DictionaryGeneratorDistrictLabel": "Districts:",
  "DictionaryGeneratorTaskTypesLabel": "Task Types:",
  "DictionaryGeneratorTaskSkillLabel": "Task Skills:",
  "DictionaryGeneratorPartTypeLabel": "Part Types:",
  "DictionaryGeneratorPartStockLabel": "Parts Stock:",
  "DictionaryGeneratorPartLocationLabel": "Parts Location:",
  "DictionaryGeneratorApplyButton": "Apply",
  "DictionaryGeneratorCancelButton": "Cancel",
  "DictionaryGeneratorModalTitle": "Dictionary Editor",
  "DictionaryGeneratorModalSubTitle": "Almost done!",
  "DictionaryGeneratorModalP1": "You are about to change the names of your vertical's dictionaries.",
  "DictionaryGeneratorModalP2": "This action can only be reverted to the default vertical values.",
  "DictionaryGeneratorModalP3": "If you are not sure you can cancel and backup your tenant beforehand.",
  "DictionaryGeneratorModalP4": "Are you sure you want apply the changes?",
  "DictionaryGeneratorModalOkButton": "Ok",
  "DictionaryGeneratorModalCancelButton": "Cancel",
  "DictionaryGeneratorModalSuccessMessage": "Congratulations! Dictionaries were update successfully.",

  "DemoClockHeader": "Demo Clock",
  "DemoClockSubHeader": "Choose your desired Demo Script",
  "DemoClockCurrentStep": "Current Step:",
  "DemoClockNextStep": "Next Step:",
  "DemoClockPlay": "Play Script",
  "DemoClockResume": "Resume Script",
  "DemoClockRenameScript": "Rename Script",
  "DemoClockAddNewScript": "Add New Script",
  "DemoClockAddNewStep": "Add New Step",
  "DemoClockRestartScript": "Restart Script",
  "DemoClockChooseDemoScript": "-- Choose Demo Script --",
  "DemoClockStepDescription": "Step Description",
  "DemoClockStepType": "Step Type",
  "DemoClockControls": "Controls",
  "DemoClockManualRefrash": "manual refresh",
  "DemoClockString": "of ClickSchedule web client is required to reflect the changes made by the clock",

  "AgentExecutionHeader": "Run Agent",
  "AgentExecutionSubHeader": "Here you can choose an agent and execute it in realtime (this will bypass the agent execution queue)",
  "AgentExecutionCheackBox": "Pick Agent...",
  "AgentExecutionAgentTypeLabel": "Agent Type:",
  "AgentExecutionSucsessfulLabel": "Agent was executed successfully!",
  "AgentExecutionRunButton": "Run Agent",

  "ExportImportHeader": "Export / Import Data",
  "ExportImportSubHeader": "Export and Import Objects quickly and simply",
  "ExportImportExportButton": "Export",
  "ExportImportImportButton": "Import",
  "ExportImportCheackBox": "Select the Object",
  "ExportImportExportObject": "Export Object",
  "ExportImportPasteSXP": "Paste the SXP of the Objects you want to import",
  "ExportImportAlwaysImport": "Always import Tasks before Assignments",
  "ExportImportAllObject": "All Objects of this type will be deleted before importing",
  "ExportImportChooseTypeOfTime": "--Choose Type Of Time--",
  "ExportImportChooseDistrict": "--Choose District--",
  "ExportImportChooseRegion": "--Choose Region--",

  "DemoActivationHeader": "demo Users Activation Tool",
  "DemoActivationSubHeader": "Choose which Verticals to activate",
  "DemoActivationNotActivatedString": "Not Activated",

  "DemoTaskGeneratorHeader": "Demo Task Generator",
  "DemoTaskGeneratorSubHeader": "Please follow the quick wizard to generate new tasks and customers",
  "DemoTaskGeneratorSelectRegion": "Select Region",
  "DemoTaskGeneratorSelectDistrict": "Select District",
  "DemoTaskGeneratorDistrictButtonCreation": "Create new district",
  "DemoTaskGeneratorDistrictButtonExisting": "Use existing district",
  "DemoTaskGeneratorNumOfEngineer": "Number of Engineers to Create",
  "DemoTaskGeneratorString1": "Please select region and district",
  "DemoTaskGeneratorString2": "There is already a district with the selected name",
  "DemoTaskGeneratorMaxEngineerPassed": "You have passed the max engineers limit for creation!",
  "DemoTaskGeneratorCurrentNumOfCostumers": "Current number of customers:",
  "DemoTaskGeneratorNumOfCostumerToCreate": "Number of customers to create",
  "DemoTaskGeneratorCustomerLimitation": "Invalid selection, either there is no customers in this district or you have passed the customer creation limit.",
  "DemoTaskGeneratorProfiles": "Profiles",
  "DemoTaskGeneratorselectTaskType": "Select Task Types",
  "DemoTaskGeneratorChooseoneTaskType": "Please choose at least one task type",
  "DemoTaskGeneratorSetAppointmentWindow": "Set appointment windows for the new tasks",
  "DemoTaskGeneratorSelectDateFormat": "Select date format",
  "DemoTaskGeneratorSingle": "Single",
  "DemoTaskGeneratorMultiple": "Multiple",
  "DemoTaskGeneratorRange": "Range",
  "DemoTaskGeneratorEnterDates": "Please enter dates to proceed",
  "DemoTaskGeneratorInvalidRange": "The range of dates selected is invalid",
  "DemoTaskGeneratorWARNING": "WARNING! the demo is already full on the selected day. Change the demo dates or continue anyway.",
  "DemoTaskGeneratorGantCapacity": "Gantt Capacity",
  "DemoTaskGeneratorCoverage": "Coverage",
  "DemoTaskGeneratorFixNumOfTasks": "Fixed number of tasks",
  "DemoTaskGeneratorLightCapacity": "Light Capacity (approx. 0-25%)",
  "DemoTaskGeneratorMediumCapacity": "Medium Capacity (approx. 25-50%)",
  "DemoTaskGeneratorHighCapacity": "High Capacity (approx. 50-75%)",
  "DemoTaskGeneratorFullCapacity": "Full Capacity (approx. 75-100%)",
  "DemoTaskGeneratorPropertyInvalid": "Selection is invalid (500 tasks max limit)",
  "DemoTaskGeneratorScheduleNewTask": "Schedule the new tasks",
  "DemoTaskGeneratorFor": "For ",
  "DemoTaskGeneratorNumOfTaskFor": "Number of tasks for ",
  "DemoTaskGeneratorOr": "OR",
  "DemoTaskGeneratorAllSet": "All set?",
  "DemoTaskGeneratorDecidedToCreate": "You have decided to create ",
  "DemoTaskGeneratorNewTasks": " new tasks.",
  "DemoTaskGeneratorDecidedToFillGant": "You have decided to fill the gantt with a flexible number of tasks",
  "DemoTaskGeneratorFollwingTaskTypes": "With the following task types:",
  "DemoTaskGeneratorTasksWillBeScheduled": "The newly created tasks will be scheduled",
  "DemoTaskGeneratorTasksWillBeAssighned": "The newly created tasks will be assigned app. booking slots",
  "DemoTaskGeneratorGoBack": "If you are not happy with your selection you can go back to any step and change it",
  "DemoTaskGeneratorDistrictCreation": "District Creation",
  "DemoTaskGeneratorCustomerCreation": "Customer Creation",
  "DemoTaskGeneratorTaskCreation": "Task Generation",
  "DemoTaskGeneratorModalHeader": "Total number of tasks for ",
  "DemoTaskGeneratorModalNumOfTaskFor": "Number of tasks for ",
  "DemoTaskGeneratorModalApply": "Apply",
  "DemoTaskGeneratorModalCancel": "Close"
}
