﻿{
    "HeadTitle": "Click Styling",
    "SubTitle": "and related stuff",
    "floatinMenuTitle":"Essentials",
    "floatinMenuMixins":"Sass Mixins",
    "colorsHeader": "Clickolors",
    "shadowHeader": "Box-Shadow",
    "exampleYes":"Yes",
    "exampleNo":"No",
    "fontsHeader": "Font types",
    "FontsExample":"This is an Example!",
    "animHeader": "Animations",
    "codeHeader": "Code",
    "buttonsHeader": "Buttons",
    "inputHeader": "Inputs",
    "builderHeader": "Builder Module",
    "classHeaderBoxShadow":"popUpBoxShadow",
    "dropdowns":"Dropdowns",
    "modals":"Modals",
    "buttons1":"Ok",
    "buttons2":"Save",
    "buttons3":"Delete",
    "titles":["Builder Module","Clickolors","Box-Shadow","Font types","Code","Buttons","Inputs","w6icons","Dropdowns","Modals","Animations"],
    "classes":["popUpBoxShadow"],
  "globalColors": [
    {
      "color": "#1ABC9C",
      "name": "TURQUOISE",
      "scss": "$color1"
    },
    {
      "color": "#2ECC71",
      "name": "EMERALD",
      "scss": "$color2"
    },
    {
      "color": "#3498DB",
      "name": "PETER RIVER",
      "scss": "$color3"
    },
    {
      "color": "#9B59B6",
      "name": "AMETHYST",
      "scss": "$color4"
    },
    {
      "color": "#34495E",
      "name": "WET ASPHALT",
      "scss": "$color5"
    },
    {
      "color": "#F1C40F",
      "name": "SUN FLOWER",
      "scss": "$color6"
    },
    {
      "color": "#E67E22",
      "name": "CARROT",
      "scss": "$color7"
    },
    {
      "color": "#E74C3C",
      "name": "ALIZARIN",
      "scss": "$color8"
    },
    {
      "color": "#ECF0F1",
      "name": "CLOUDS",
      "scss": "$color9"
    },
    {
      "color": "#95A5A6",
      "name": "CONCRETE",
      "scss": "$color10"
    },
    {
      "color": "#16A085",
      "name": "GREEN SEA",
      "scss": "$color11"
    },
    {
      "color": "#27AE60",
      "name": "NEPHRITIS",
      "scss": "$color12"
    },
    {
      "color": "#2980B9",
      "name": "BELIZE HOLE",
      "scss": "$color13"
    },
    {
      "color": "#8E44AD",
      "name": "WISTERIA",
      "scss": "$color14"
    },
    {
      "color": "#2C3E50",
      "name": "MIDNIGHT BLUE",
      "scss": "$color15"
    },
    {
      "color": "#F39C12",
      "name": "ORANGE",
      "scss": "$color16"
    },
    {
      "color": "#D35400",
      "name": "PUMPKIN",
      "scss": "$color17"
    },
    {
      "color": "#C0392B",
      "name": "POMEGRANATE",
      "scss": "$color18"
    },
    {
      "color": "#BDC3C7",
      "name": "SILVER",
      "scss": "$color19"
    },
    {
      "color": "#7F8C8D",
      "name": "ASBESTOS",
      "scss": "$color20"
    },
    {
      "color": "#1de9b6",
      "name": "TURQUOISE",
      "scss": "$color21"
    },
    {
      "color": "#8bc34a",
      "name": "EMERALD",
      "scss": "$color22"
    },
    {
      "color": "#80deea",
      "name": "PETER RIVER",
      "scss": "$color23"
    },
    {
      "color": "#880e4f",
      "name": "AMETHYST",
      "scss": "$color24"
    },
    {
      "color": "#536dfe",
      "name": "WET ASPHALT",
      "scss": "$color25"
    },
    {
      "color": "#ffeb1d",
      "name": "SUN FLOWER",
      "scss": "$color26"
    },
    {
      "color": "#d50000",
      "name": "CARROT",
      "scss": "$color27"
    },
    {
      "color": "#d81b60",
      "name": "ALIZARIN",
      "scss": "$color28"
    },
    {
      "color": "#8d6e63",
      "name": "CLOUDS",
      "scss": "$color29"
    },
    {
      "color": "#ff8a80",
      "name": "CONCRETE",
      "scss": "$color30"
    },
    {
      "color": "#24611d",
      "name": "GREEN SEA",
      "scss": "$color31"
    },
    {
      "color": "#5a3f37",
      "name": "NEPHRITIS",
      "scss": "$color32"
    },
    {
      "color": "#1c6164",
      "name": "BELIZE HOLE",
      "scss": "$color33"
    },
    {
      "color": "#4a09a1",
      "name": "WISTERIA",
      "scss": "$color14"
    },
    {
      "color": "#24157f",
      "name": "MIDNIGHT BLUE",
      "scss": "$color35"
    }
  ],
    "w6icons": [{"w6name": "addclipboard", "ucode": "\\e900"},
                      {"w6name": "adsl", "ucode": "\\e901"},
                      {"w6name": "arrowdown", "ucode": "\\e902"},
                      {"w6name": "arrowleft", "ucode": "\\e903"},
                      {"w6name": "arrowright", "ucode": "\\e904"},
                      {"w6name": "arrowup", "ucode": "\\e905"},
                      {"w6name": "blinds", "ucode": "\\e906"},
                      {"w6name": "cablet", "ucode": "\\e907"},
                      {"w6name": "calibrate", "ucode": "\\e908"},
                      {"w6name": "car", "ucode": "\\e909"},
                      {"w6name": "cctv", "ucode": "\\e90a"},
                      {"w6name": "check", "ucode": "\\e90b"},
                      {"w6name": "circle", "ucode": "\\e90c"},
                      {"w6name": "circleo", "ucode": "\\e90d"},
                      {"w6name": "co", "ucode": "\\e90e"},
                      {"w6name": "corrective", "ucode": "\\e90f"},
                      {"w6name": "desktop", "ucode": "\\e910"},
                      {"w6name": "dict", "ucode": "\\e911"},
                      {"w6name": "dish", "ucode": "\\e912"},
                      {"w6name": "drai", "ucode": "\\e913"},
                      {"w6name": "drop", "ucode": "\\e914"},
                      {"w6name": "edit", "ucode": "\\e915"},
                      {"w6name": "editrecc", "ucode": "\\e916"},
                      {"w6name": "emerg", "ucode": "\\e917"},
                      {"w6name": "erepair", "ucode": "\\e918"},
                      {"w6name": "exca", "ucode": "\\e919"},
                      {"w6name": "fiber", "ucode": "\\e91a"},
                      {"w6name": "field", "ucode": "\\e91b"},
                      {"w6name": "follow", "ucode": "\\e91c"},
                      {"w6name": "fridge", "ucode": "\\e91d"},
                      {"w6name": "garage", "ucode": "\\e91e"},
                      {"w6name": "gear", "ucode": "\\e91f"},
                      {"w6name": "get", "ucode": "\\e920"},
                      {"w6name": "hamburger", "ucode": "\\e921"},
                      {"w6name": "hang", "ucode": "\\e922"},
                      {"w6name": "hipressure", "ucode": "\\e923"},
                      {"w6name": "home", "ucode": "\\e924"},
                      {"w6name": "info", "ucode": "\\e925"},
                      {"w6name": "iptv", "ucode": "\\e926"},
                      {"w6name": "laptop", "ucode": "\\e927"},
                      {"w6name": "leak", "ucode": "\\e928"},
                      {"w6name": "leakmain", "ucode": "\\e929"},
                      {"w6name": "leakrout", "ucode": "\\e92a"},
                      {"w6name": "line", "ucode": "\\e92b"},
                      {"w6name": "lowpressure", "ucode": "\\e92c"},
                      {"w6name": "manager", "ucode": "\\e92d"},
                      {"w6name": "map", "ucode": "\\e92e"},
                      {"w6name": "markn", "ucode": "\\e92f"},
                      {"w6name": "meter", "ucode": "\\e93c"},
                      {"w6name": "metere", "ucode": "\\e93d"},
                      {"w6name": "mtask", "ucode": "\\e93e"},
                      {"w6name": "na", "ucode": "\\e93f"},
                      {"w6name": "network", "ucode": "\\e940"},
                      {"w6name": "new", "ucode": "\\e941"},
                      {"w6name": "nowater", "ucode": "\\e942"},
                      {"w6name": "object", "ucode": "\\e943"},
                      {"w6name": "on", "ucode": "\\e944"},
                      {"w6name": "overcon", "ucode": "\\e945"},
                      {"w6name": "overrep", "ucode": "\\e946"},
                      {"w6name": "photoc", "ucode": "\\e947"},
                      {"w6name": "pickup", "ucode": "\\e948"},
                      {"w6name": "pin", "ucode": "\\e949"},
                      {"w6name": "preventive", "ucode": "\\e94a"},
                      {"w6name": "printer", "ucode": "\\e94b"},
                      {"w6name": "priore", "ucode": "\\e94c"},
                      {"w6name": "priority", "ucode": "\\e94d"},
                      {"w6name": "rec", "ucode": "\\e94e"},
                      {"w6name": "reception", "ucode": "\\e94f"},
                      {"w6name": "rectangle", "ucode": "\\e950"},
                      {"w6name": "rectangleo", "ucode": "\\e951"},
                      {"w6name": "reins", "ucode": "\\e952"},
                      {"w6name": "remrec", "ucode": "\\e953"},
                      {"w6name": "reshuffle", "ucode": "\\e954"},
                      {"w6name": "router", "ucode": "\\e955"},
                      {"w6name": "routine", "ucode": "\\e956"},
                      {"w6name": "safetyins", "ucode": "\\e957"},
                      {"w6name": "schedule", "ucode": "\\e958"},
                      {"w6name": "schedup", "ucode": "\\e959"},
                      {"w6name": "server", "ucode": "\\e95a"},
                      {"w6name": "sewer", "ucode": "\\e95b"},
                      {"w6name": "showr", "ucode": "\\e95c"},
                      {"w6name": "shutnon", "ucode": "\\e95d"},
                      {"w6name": "smok", "ucode": "\\e95e"},
                      {"w6name": "solar", "ucode": "\\e95f"},
                      {"w6name": "switch", "ucode": "\\e960"},
                      {"w6name": "task", "ucode": "\\e961"},
                      {"w6name": "threedots", "ucode": "\\e962"},
                      {"w6name": "ticket", "ucode": "\\e963"},
                      {"w6name": "toggleoffo", "ucode": "\\e964"},
                      {"w6name": "toggleoffreco", "ucode": "\\e965"},
                      {"w6name": "toggleon", "ucode": "\\e966"},
                      {"w6name": "toggleonrec", "ucode": "\\e967"},
                      {"w6name": "triangle", "ucode": "\\e930"},
                      {"w6name": "triangleo", "ucode": "\\e931"},
                      {"w6name": "tv", "ucode": "\\e96a"},
                      {"w6name": "undergrep", "ucode": "\\e96b"},
                      {"w6name": "unschedule", "ucode": "\\e96c"},
                      {"w6name": "userdcon", "ucode": "\\e96d"},
                      {"w6name": "valve", "ucode": "\\e96e"},
                      {"w6name": "vault", "ucode": "\\e96f"},
                      {"w6name": "vaultre", "ucode": "\\e970"},
                      {"w6name": "voltest", "ucode": "\\e971"},
                      {"w6name": "warning", "ucode": "\\e972"},
                      {"w6name": "x", "ucode": "\\e933"},
                      {"w6name": "v", "ucode": "\\e934"},
                      {"w6name": "exclamation", "ucode": "\\e935"},
                      {"w6name": "question", "ucode": "\\e936"},
                      {"w6name": "refresh", "ucode": "\\e937"},
                      {"w6name": "happy", "ucode": "\\e938"},
                      {"w6name": "sad", "ucode": "\\e939"},
                      {"w6name": "tongue", "ucode": "\\e93a"},
                      {"w6name": "lunch", "ucode": "\\e93b"},
                      {"w6name": "lunch_over", "ucode": "\\e968"},
                      {"w6name": "daily", "ucode": "\\e969"},
                      {"w6name": "weekly", "ucode": "\\e970"},
                      {"w6name": "monthly", "ucode": "\\e973"},
                      {"w6name": "crew-o", "ucode": "\\e974"},
                      {"w6name": "crew", "ucode": "\\e975"},
                      {"w6name": "sort", "ucode": "\\e976"},
                      {"w6name": "search", "ucode": "\\e977"},
                      {"w6name": "newna", "ucode": "\\e978"},
                      {"w6name": "filter", "ucode": "\\e979"},
                      {"w6name": "clock", "ucode": "\\e97a"},
                      {"w6name": "plus", "ucode": "\\e97b"},
                      {"w6name": "minus", "ucode": "\\e97c"},
                      {"w6name": "minimize", "ucode": "\\e97d"},
                      {"w6name": "concapacity", "ucode": "\\e97e"},
                      {"w6name": "workhours", "ucode": "\\e97f"},
                      {"w6name": "cross", "ucode": "\\e980"}]
}
