﻿{
    "Engineer": "Contractors",
    "ContractorCapacity": "Capacity",
    "ContractorCompany_SO": "Contractor Company",
    "prefixContractorFilterName": "Capacity of {0} ",
    "prefixCompanyFilterName": "Contractor of {0} ",
    "ContractorHeader": "Contractor Management",
    "ContractorManagementTitle": "Contractor Management",
    "capacityUsed": "Capacity Used (Hours)",
    "taskUsed": "Capacity Used (Tasks)",
    "ToolTipTitle": "Capacity Details for ",
    "Hours": " Hours",
    "Tasks": " Tasks",
    "WorkCapacity": "Work Capacity: ",
    "WorkAssigned": "Work Assigned: ",
    "EndDate": "End Date: ",
    "StartDate":"Start Date: ",
    "TimeResolution": "Time Resolution: ",
    "TasksCapacity": "Tasks Capacity: ",
    "TasksAssigned": "Tasks Assigned: "
}
