﻿{
    "DialogTitle": "Crew Management",
    "ExceededLimitationMsg": "You cannot load more than 100 crews. Please redefine selection.",
    "ExceededLimitationMsgResources": "You cannot load more than 300 resources.",
    "ExceededLimitationMsgResourcesMore": "Please redefine selection.",
    "ApplyButton": "Apply",
    "CancelButton": "Cancel",
    "SearchPlaceHolder": "Search domain...",
    "Domains": "Domains ",
    "dateLeftArrow": "Move 1 day backward",
    "dateRightArrow": "Move 1 day forward",
    "weekLeftArrow": "Move 1 week backward",
    "weekRightArrow": "Move 1 week forward",
    "crewTeamingChangeStartDate": "Change the start date of the crew allocation.",
    "Close": "Close",
    "Today": "Today",
    "CrewTeaming_NoData": "No Items...",
    "CrewTeaming_NoDataSorry": "Sorry, there is no data loaded.",
    "CrewTeaming_NoCrewAllocations": "No crew allocations",
    "CrewTeaming_NoAssignments": "No Tasks",
    "CrewTeaming": "Crews",
    "currentCrewSizeOutOf": "/",
    "requiredCrewSizeResources": "resources",
    "loadMore": "Load {0} more crews",
    "AllFilter": "All",
    "ActiveFilter": "Active",
    "InActiveFilter": "Inactive",
    "Contractor": "Contractor",
    "Relocated": "Relocated",
    "CrewFilterSearchPlaceholder": "Search crew...",
    "ResourceFilterSearchPlaceholder": "Search resource...",
    "CrewFilterCaption": "Crews",
    "CrewsFilter": "Crews ({0}/{1})",
    "CrewsFilterNumber": "{0} / {1}",
    "NonAvailability": "Nonavailability",
    "taskInJeopardy": "In Jeopardy",
    "Skills": "Required Skills: ",
    "SelectAll": "(Select All)",
    "AddCrew": "Crew",
    "AddCrewAllocation": "Crew Allocation",
    "AddSingleCrewAllocation": "Single Allocation",
    "AddRecurrentCrewAllocation": "Recurrent Allocation",
    "AddNA": "Nonavailability",
    "EditCrewAction": "Edit Crew",
    "DuplicateCrewAction": "Duplicate Crew",
    "AddCrewAllocationAction": "Add Crew Allocation",
    "EditCrewAllocationAction": "Edit Crew Allocation",
    "DeleteCrewAllocationAction": "Delete Crew Allocation",
    "DeleteAllocation_Dialog_Title": "Delete Crew Allocation",
    "DeleteAllocation_Dialog_Body": "Are you sure you want to delete the selected crew allocation?",
    "DeleteAllocation_Dialog_Yes": "Yes",
    "DeleteAllocation_Dialog_No": "No",
    "CrewAllocationToolTipHeader": "Crew Allocation",
    "toolTipForAllocatedAllocated": "Allocated {0} out of {1} required resources",
    "ResourceSkills": "Skills: ",
    "TooltipStart": "Start: ",
    "TooltipFinish": "Finish: ",
    "TooltipNAType":  "Type: ",
    "ResourceToolTipHeader": "Resource",
    "TooltipName": "Name",
    "EditResourceInResourcePanel": "Edit",
    "TooltipDomain": "Domain:",
    "Resources": "Resources",
    "DragAndDropPartial": "Update allocation time",
    "DragAndDropFull": "Full day allocation",
    "DragAndDropCancel": "Cancel",
    "DeleteHeader": "Delete",
    "confirmSingleDelete": "Delete this occurrence",
    "confirmSeriesDelete": "Delete the series",
    "EditHeader": "Edit",
    "confirmSingleEdit": "Edit this occurrence",
    "confirmSeriesEdit": "Edit the series",
    "btnOk": "OK",
    "btnCancel": "Cancel"

}

