﻿{
    "FormTitle": "Crew",
    "RequiredCrewSize": "Required Crew Size",
    "OverlappingErrorMessageStart": "The following allocations cannot be saved because they overlap existing allocations: ",
    "OverlappingErrorMessage": "{0} ({1} - {2}) - ({3} - {4}) ",
    "TotalAllocatedResources": "Total Allocated Resources",
    "SingleAllocations": "Single Allocations",
    "RecurrentAllocations": "Recurrent Allocations",
    "SingleAllocation": "Single Allocation",
    "RecurrentAllocation": "Recurrent Allocation",
    "AddButton": "Add",
    "NewCrewAllocation": "(new) ",
    "SelectCrew": "Crew",
    "SelectResource": "Resource",
    "SelectResources": "Resources",
    "SelectDate": "Date to Display Allocations",
    "NotDefined": "Not Defined",
    "PropPanelsMandatoryMessage": "This is a mandatory field!",
    "startToFinish": "Start time should precede finish time",
    "crewAllocationStart": "Start Time",
    "crewAllocationFinish": "Finish Time",
    "Date": "Date",
    "StartTime": "Start Time",
    "FinishTime": "Finish Time",
    "Single": "Single",
    "Recurrent": "Recurrent",
    "CrewAllocation": "Crew Allocation",
    "SingleCrewAllocation": "Single Crew Allocation",
    "OK": "OK",
    "Cancel": "Cancel",
    "UnsavedAllocationMessageTitle": "Unsaved Allocations",
    "UnsavedAllocationMessage": "You have unsaved allocations. Moving to a new date will delete these allocations. Do you want to continue?",
    "YesButton": "Yes",
    "NoButton": "No",
    "CrewNameColumn": "Name",
    "AllocationCrewNameColumn": "Name",
    "AllocationCrewRegionColumn": "Region",
    "AllocationCrewDistrictColumn": "District",
    "ResourceTypeColumn": "Resource Type",
    "StartTimeColumn": "Start Time",
    "FinishTimeColumn": "Finish Time",
    "Error": "Error",
    "Name": "Name",

    "errorNoDaySelected": "No day selected",
    "errorEmptyDate": "Invalid or empty date",
    "errorStartBeforeFinish": "Start date must precede finish date",
    "errorDateInThePast": "Date must be in the future",
    "errorRecurrenceRange": "Date range exceeds 3 years"
}
