﻿{
  "EMAIL_forgetMyPasswordTemplate": {
    "P3": "Hello ",
    "P4": "We received a request to reset your password for the account ",
    "P5": "Click ",
    "P6": "here",
    "P7": " to set a new password.",
    "P8": "If you don't want to change your password, you can ignore this email.",
    "P9": "If you experience any problems, please contact your System Administrator. ",
    "P14": "Best Regards,",
    "P15": "ClickSoftware Customer Support"
  },
  "EMAIL_PasswordChangeTemplate": {
    "P2": "Dear ",
    "P3": "Welcome to Service Edge!",
    "P4": "You can now access Service Edge by using your username ",
    "P5": " and the password you have set.",
    "P6": "Login to Service Edge by clicking ",
    "P7": "here",
    "P8": "ClickSchedule Legacy UI can be accessed ",
    "P9": "ClickMobile Touch can be accessed ",
    "P10": " or ",
    "P11": "download",
    "P12": " the ClickMobile app.",
    "P13": "If you experience any problems, please contact your System Administrator. ",
    "P18": "Best Regards,",
    "P19": "ClickSoftware Customer Support"
  },
  "subject-ForgetMyPassword": "Service Edge Password Reset",
  "subject-PasswordChange": "Welcome to Service Edge!"
}
