﻿{
  "actualLegend" : "Historical Data",
  "trend" : "Trend",
  "actual" : "Actual",
  "forecast": "Forecast",
  "AddForecast": "+ Add Forecast",
  "actions": "Actions",
  "newForecast": "New Forecast",
  "myNewForecastPlaceholder": "Name here...",
  "description": "Description",
  "descriptionPlaceHolder": "Description here...",
  "emptyForecastName": "It's empty... No forecasts at the moment",
  "addButton": "+ Add",
  "Search": "Search domain...",
  "ApplyButton": "Apply",
  "CancelButton": "Cancel",
  "textIfSelectedDistrict": "Working on {0} Domain(s)",
  "textIfNotSelectedDistrict": "No District Is Selected",
  "unCategorized": "unCategorized",
  "ForecastDates": "Forecast Range",
  "HistoricalDates": "Historical Data Range",
  "freeText": "Please fill in the Forecast range and the Historical Data range the forecast will be based on",
  "Description": "Description",
  "Name": "Name",
  "create": "Done",
  "cancel": "Cancel",
  "addNewRecord": "Add New Record",
  "exportLabel": "Export",
  "delete": "Delete",
  "deleteMessage": "Are you sure you want to delete this record?",
  "saveTitle": "Continue",
  "saveBody": "There are unsaved changes. Are you sure you want to continue?",
  "leaveBtn": "Continue",
  "cancelBtn": "Cancel",
  "date": "Date",
  "district": "District",
  "type": "Demand Category",
  "plan": "Forecast (Hours)",
  "ValidationsMessage": "Validations Message",
  "ValidationsWereFoundTitle": "The following validations were found:",
  "OkButton": "OK",
  "FeildsError": "File fields are not correct",
  "emptyString": "No items to display",
  "dateErrorTitle": "Valid date",
  "dateExceptionMessage": "Not a valid date!",
  "updateExceptionMessage": "The record already exists",
  "updateErrorTitle": "Duplicate",
  "updateDateRangeErrorTitle": "Valid date",
  "updateDateRangeExceptionMessage": "The date is not in the forecast range.",
  "requiredMessage": "This is a required field",
  "edit": "Edit Forecast",
  "new": "New Forecast",
  "MissingGridFiltersTitle": "Missing or invalid grid filters.",
  "MissingGridFiltersBody": "There are missing or invalid Grid filters; Please make sure that all the following filters contain values: Start Date, End Date.",
  "requiredErrorMessage": "You must fill all required fields",
  "errorMessageTitle": "Please correct the following errors:",
  "uniqeMessage": "The Name you entered is already in use. Please fill in another name.",
  "errorForecastDates": "The Forecast End date is before the Start date.",
  "errorHistoricalDates": "The Historical Data End date is before the Start date.",
  "SearchTaskType": "Search Demand Categories",
  "SelectTaskType": "Select Demand Categories",
  "importAction": "Import Historical Data",
  "exportAction": "Export Historical Data",
  "exportTemplateAction": "Export Historical Data Template",
  "exportTemplateForecastFileName": "historical data template",
  "headerMessage": "Delete",
  "bodyMessage": "Deleting a Forecast will delete all the Forecast data and calculations, including all the associated records.<br> Are you sure you want to proceed?",
  "yesbutton": "Yes",
  "nobutton": "No",
  "duplicateNameError": "Duplicate name",
  "oneMessageTitle": "Please correct the following error:",
  "errorForecastBeforeHistory": "The Historical Data End date should precede the Forecast Start date.",
  "requiredNameMessage": "This is a mandatory field!",
  "importNotificationTitle": "Import",
  "importNotificationContent": "The import process has started... <br/> Once the import is completed, an email will be sent with the import status details.",
  "exportNotificationTitle": "Export",
  "exportNotificationContent": "The export process has started... <br/> Once the export is completed, an email will be sent with a link to the exported file location.",
  "close": "Close",
  "sizeMessageText": "The file you are trying to import exceeds the allowed file size limit (1GB). Please reduce your file size and try again.",
  "sizeMessageTitle": "Import",
  "Calculate": "Calculating...",
  "CalculationMessage": "It may take a while to complete. You may continue working while calculation is running."
}
