{
    "selectAFormFromLeftSide": "Select a Form from the list on the left side",
    "newForm":"New Form",
    "newFolder" : "New Folder",
    "SHORT_TEXT": "Short Text",
    "LONG_TEXT": "Long Text",
    "SINGLE_CHOICE": "Single Choice",
    "MULTIPLE_CHOICE": "Multiple Choice",
    "PICTURE": "Picture",
    "DATE_TIME": "Date & Time",
    "SIGNATURE": "Signature",
    "STATIC_TEXT": "Static Text",
    "Rename": "Rename",
    "Duplicate": "Duplicate",
    "Archive": "Archive",
    "Publish": "Publish",
    "Delete": "Delete",
    "Mandatory": "Mandatory",
    "formSaveSuccessMessage": "Form was saved successfully",
    "formSaveErrorMessage": "Form was not saved",
    "formPublishSuccessMessage": "Form was published successfully",
    "formPublishErrorMessage": "Form was not published",
    "notAbleToFetchFormData": "Not able to fetch form details",
    "duplicateFormSuccessMessage" : "Form was duplicated successfully",
    "duplicateFormErrorMessage" : "Form was not duplicated",
    "CopyOf" : "Copy of",
    "CancelBtn" : "Cancel",
    "OKBtn" : "OK",
    "NewFormTitle" :"New Form",
    "NewFolderTitle" : "New Folder",
    "EditFormTitle": "Edit Form",
    "FormModalNameWarning" : "Please use only letters & numbers, without spaces or symbols (beside_- or ~)",
    "FormsLibrary" : "Forms Library",
    "Screens" : "Screens",
    "Screen" : "Screen",
    "Save" : "Save",
    "DoNotSave" : "Don't Save",
    "Cancel" : "Cancel",
    "SavePromptTitle" : "Save Changes?",
    "AddItem" : "Add item",
    "SavePromptBody" : "Do you want to save the changes made to ",
    "cannotDragWhenZoomed": "Zoom-out to drag and drop.",
    "cannotSortFieldsWhenZoomed": "Zoom-out to re-order fields.",
    "folderName" : "Folder Name",
    "formName" : "Untitled Form",
    "formDesc" :"Please insert description",
    "folderSaveSuccessMessage": "Folder was saved successfully",
    "folderSaveErrorMessage": "Folder was not saved",
    "successMessage" : "Changes were saved successfully",
    "errorMessage" : "Changes were not saved successfully",
    "formArchiveSuccessMessage": "Form was archived successfully",
    "loadingIndicatorSaveMessage" : "Form saving, please wait...!",
    "loadingIndicatorPublishMessage" : "Form publishing, please wait...!",
    "loadingIndicatorDuplicateMessage" : "Form duplicating, please wait...!",
    "loadingIndicatorArchiveMessage" :  "Form archived, please wait...!",
    "Copy" : "Copy",
    "of" : "of",
    "loadingIndicatorFolderCreation" :  "Creating folder, please wait...!",
    "loadingIndicatorFolderUpdation" :  "Updating Folder Name, please wait...!",
    "folderNameUniqueErrorMessage" : "Folder already exist",
    "placeholderSetFolderName" : "Set Folder Name",
    "maxFieldError":"You have reached the maximum number of fields in this screen , please create a new screen in order to add new fields",
    "SaveCurrentFormMessage" : "Please save current form before performing any operation",
    "haveAnotherFormInedit": "You have another new form being edited. Please save it.",
    "addScreenTitle" : "Add Screen",
    "lastScreenError": "Cannot delete last screen!",
    "duplicateScreenTitle" : "Duplicate Screen",
    "maxFormScreenError" : "You have reached the maximum number of screens in this form",
    "maxFormError" : "You have reached the maximum number of forms in the platform, if you are not able to archive any existing form please contact our support for platform enhancements",
    "fieldLabelErrMsg" : "*Field label is required",
    "multiFieldOptionErrMsg" : "Field should have at least 2 options",
    "previous":"Previous",
    "next":"Next",
    "picturePlaceholder":"Choose a picture",
    "maxFormVersionError": "You have reached the maximum number of versions for this form in the platform. A workaround will be to duplicate this form and continue working on the new duplicated form",
    "signaturePlaceholder" :"Touch Here to Sign",
    "singleFieldOptionErrMsg" : "Field should have at least 1 option"
}