﻿{
  "AuditExportWhatsNewHeader": "Audit Export - Version 2.0.0",
  "AuditExportWhatsNewMessageHeader": "Update Details",
  "AuditExportWhatsNewMessage": "<p>Audit export feature could now be enabled for all Business objects<br> At a time 5 bussiness object's audit trail data could be exported. </br> Audit date would be exported in csv format as ear<li><b>Full backword compatibility: </b>Existing Audit export enabled Business objects( ie, Task) will continue to function in the same way, without any further configuration.</li></ul><p><a href='https://wiki.clicksoftware.com/display/RD/Audit+Export' target='_blank'>Open Documentation</a> </p>",
  "AuditExportUpdateButton": "Update",
  "Undefined": "Undefined",
  "BusinessHierarchyStructureLabel": "Business Hierarchy Structure:",
  "DefaultTimeZoneLabel": "Default Time Zone:",
  "TimeZonesNodeLevelLabel": "Time Zones Node Level:",
  "DefaultSchedulePolicyLabel": "Default Schedule Policy:",
  "ApplyButton": "Apply",
  "CancelButton": "Cancel",
  "failedGetCurrentSettings": "Failed to get current settings",
  "failedGetSelectedSchedulePolicy": "Failed to get selected  schedule policy",
  "failedGetAllSchedulePolicy": "Failed to get all schedule policies",
  "failedUpdateSchedulePolicy": "Failed to update schedule policy",
  "BH2Levels": "Region->District",
  "BH3Levels": "Area->Region->District",
  "BH4Levels": "Continent->Area->Region->District",
  "Continent": "Continent",
  "Area": "Area",
  "Region": "Region",
  "District": "District",
  "succssesSaveChanges": "Changes saved successfully",
  "failedSaveChanges": "Failed to save changes",
  "viewHeader": "General Settings",
  "ViewTitle": "Define general configuration settings regarding Business Hierarchy and Schedule Policy.",
  "mandatoryString": "This is a mandatory field!",
  "administration": "Administration",
  "generalScheduleUISettings": "Schedule UI",
  "security": "Security",
  "localization": "Localization",
  "analytics": "Analytics",
  "analyticsHeader": "Analytics",
  "enableAnalytics": "Enable Analytics",
  "Shift": "Shift Management",
  "shiftHeader": "Shift Management",
  "shiftText": "Allow Shift Management",
  "GrantAccess": "Grant Access",
  "grantAccessHeader": "Grant Access",
  "grantAccessText": "Allow Grant Access",
  "taskDurationDisplayHeader": "Task Duration Units",
  "taskDurationDisplayText": "Display task duration in hours",
  "alertCenterHeader": "Alert Center",
  "alertCenterDomainNavigation": "Allow Domain Selection",
  "CapacityPlanning": "Capacity Planning",
  "GeneralSettings": "General Settings",
  "Description": "Configuration > General Settings",
  "standardColorPalletHeader": "Task Color",
  "assigmentColor": "Set the Task color according to:",
  "assigmentValueColor": "Select Task color per value:",
  "assignmentIconHeader": "Task Icon",
  "clearIconToolTip": "Clear icon",
  "alwaysShowTitle": "Always Show",
  "clearColorToolTip": "Clear color",
  "clearShiftColorToolTip": "Clear shift color",
  "assignIcon": "Set the Task icon according to:",
  "assignValueIcon": "Select Task icon per value:",
  "shiftsManagerHeader": "Shifts",
  "showShiftOnGantt": "Show Shifts on Gantt",
  "SelectShiftcolorperGroup": "Select Shift color per Group:",
  "TimeDomain": "Load Task according to:",
  "TimeDomainHeader": "Time Domain Date",
  "CustomActions": "Custom Actions",
  "ThisFieldIsRequired": "This field is required",
  "OneOfThisFieldIsRequired": "One of these fields is required (Icon or Action Text)",
  "AdditinalParameters": "Additinal Parameters",
  "ServiceName": "Service Name:",
  "ActionText": "Action Text:",
  "FilePath": "File Path:",
  "icons": "Icons",
  "headerMessage": "Edit \\ Delete a Configuration",
  "yesbutton": "yes",
  "nobutton": "no",
  "bodyMessage": "The configuration you are about to change might disable user-configured functionalities.\n Are you sure you want to continue?",
  "ScheduleErrorMessage": "Schedule UI",
  "generalErrorMessage": "Administration",
  "ImportIconTooltip": "Import Schedule View Settings from Legacy Admin",
  "ActionNameMustBeUniqe": "Action name must be uniqe",
  "Import": "Import",
  "ImportErrorMessageTitle": "Error",
  "OkButton": "OK",
  "ImportErrorMessage": "Legacy Template loading has failed. Please contact your Administrator, or update the Role settings manually.",
  "BusinessHierarchyStructure": "Business Hierarchy Structure",
  "DefaultTimeZone": "Default Time Zone",
  "DefaultSchedulePolicy": "Default Schedule Policy",
  "NotificationWidgetHeader": "Task Completion Report",
  "NotificationSelectTemplate": "Assign Template To Task Status",
  "NotificationSelectStatus": "Select Task Status",
  "NotificationSwitchLable": "Allow Task Completion Report",
  "NotificationWidgetHeader_2": "Task PDF Report",
  "NotificationSwitchLable_2": "Allow Task PDF Report",
  "NotDefined": "Not Defined",
  "selectTenantLanguage": "Default Language",
  "NewVersionAvailable": "New Version is available for update",
  "update": "Notice",
  "updateQuestion": "Congratulations for upgrading to the latest version of this feature!<br> Please note that reverting to the previous version will not be possible.",



  "allowed_schedule_calendar_dynamic_steps": "Gantt View",
  "district_name_only_enable": "Show only district name",

  "schedule_calendar_dynamic_steps": "Single day change",
  "GanttFilters": "Gantt filters",
  "GanttSorting": "Enable Gantt resource sorting",
  "DomainSorting": "Enable Gantt district sorting",

  "ImportErrorMessage": "Legacy Template loading has failed. Please contact your Administrator, or update the Role settings manually.",

  "GISPredictiveHeader": "Travel Calculations",
  "GISPredictive": "Enable Predictive Travel Calculations",
  "GISRealTimeTravel": "Enable Real-Time Travel Calculations",

  "ImportExportHeader": "Localization Import and Export",
  "ImportExport": "Import or Export Translation Files:",
  "Import": "Import",
  "Export": "Export",
  "ImportFinishSucceded": "Upload succeded!",

  "auditExportHeader": "Audit Export",
  "auditExport": "Enable Audit Export of Task",

  "securityRememberCredentialsTitle": "Login",
  "securityRememberCredentialsLable": "Remember Credentials on Login",
  "AllowRememberLogin": "Allow users to remember credentials for login",
  "SLAWidgetTitle": "SLA Based on Working Hours",
  "SLAWidgetSwitchLabel": "Allow SLA Based on Working Hours",

  "StopBtn": "Stop",
  "closeBtn": "Close",
  "OperationDone": "Operation is done!",
  "OperationAborted": "Operation is aborted!",
  "Calculating": "Calculating...",
  "ElapsedTime": "Elapsed Time:",
  "RemainingTime": "Remaining Time:",
  "CompletionStatus": "Completion Status:",
  "CompletedProcessing": "Completed Processing of",
  "OutOf": "out of",
  "Collections": "Collections.",
  "Succeeded": "Succeeded:",
  "Failed": "Failed:",
  "ErrorsInformation": "Errors Information",
  "Export": "Export",
  "Locale": "Locale",
  "CollectionName": "Collection Name",
  "Name": "Name",
  "Message": "Message",
  "CollectionEntity": "Collection Entity",
  "SubCategory": "Sub Category",
  "Type": "Type",
  "IdentifiersProperties": "Identifiers Properties",
  "Category": "Category",
  "FeildsError": "File fields are not correct",
  "TypeError": "File type is not correct",
  "UserMessagesErrorTitle": "Error on File Upload",
  "UserMessagesErrorTemplateFileTitle": "File Upload Error",
  "InCorrectFileTypeUserMessagesErrorBody": "Wrong file type was uploaded. Please try again.",
  "InCorrectFeildsStructerUserMessagesErrorBody": "Wrong file template was uploaded. Please click ‘Export’ for the correct file template.",
  "ConfirmPassword": "Confirm password",
  "NewPassword": "Enter a new password for FTP User",
  "ChangePassword": "Change FTP User Password",
  "DontMatch": "Doesn't match",
  "AbortProcessQuestion": "Are you sure you want to abort the process?",
  "AbortProcessQuestionTitle": "Stop Process",
  "LocalizationProgress": "Localization Import - Progress Status",
  "PasswordNotValid": "The password is not valid",
  "hederMessageForSelectLanguage": "Default Language Cannot be Deleted",
  "bodyMessageForSelectLanguage": "This is the default language and therefore cannot be deleted. Please change the default language in order to delete this language.",
  "headerMessageForDeletLanguage": "Warning! You are about to delete a language!",
  "bodyMessageForDeletLanguage": "Deleting a language has irreversible implications:\n1. All the language translations will be permanently deleted from the system. \n 2. Users will not be able to use this language anymore. Any users that used this language as primary language, will now be reverted to default system language  Make sure that you have backed up the language's translations by clicking on the 'Export' button.\n   Are you sure you want to delete the language?",

  "Lcalization": "Localization",
  "AllowMultipleLanguageLocalization": "Allow Multiple Languages Localization",
  "bodyMessageForAddCustomLanguage": "After the language name is set it cannot be changed. Are you sure you want to proceed?",
  "headerMessageAddCustomLanguage": "Attention!",

  "mapSettings": "Map Settings",
  "newLayer": "NewLayer",
  "layrUrl": "URL:",
  "layerName": "Layer Name:",
  "layerRefreshRate": "Refresh Rate:(MM:SS)",
  "notValidInput": "URL input not valid",
  "ContractorNetwork": "Service Network",
  "ContractorNetworkSwitch": "Activate Service Network",
  "notValidInput": "URL input not valid",
  "headerMessageDeleteLayer": "Delete Layer",
  "bodyMessageDeleteLayer": "The object you are deleting might be referenced in the user configuration.\n deleting the object will disable actions using this object.\n Are you sure you want to continue?",
  "deleteLayer": "Delete",
  "editLayer": "Edit",
  "layerNameMustBeUniqe": "Layer name must be unique",
  "moreThanMaxLayers": "Maximum of {0} Layers reached",
  "Items": "Items",
  "AllowCapacityPlanning": "Allow Capacity Planning",
  "optimizeToGoalsSwitchHeader": "Optimize to Goals",
  "optimizeToGoalsSwitch": "Allow Optimize to Goals",
  "valuemeterSwitchHeader": "Value Meter",
  "valuemeterSwitch": "Allow Value Meter",
  "ServiceExcellence": "Service Excellence",


  "multyStageDD": "Multistage Drag and Drop",
  "activateMultyStageDD": "Activate Multistage Drag and Drop",
  "commitSnapOnViolations": "Display Rule Violation Messages",
  "limitByTaskType": "Limit by Task Type",
  "taskTypes": "Task Type",
  "allTypesAdded": "All Task Types Selected",
  "noTaskTypeSelected": "Select Task Types",

  "StreetSmartNextGen": "StreetSmart Next Gen",
  "StreetSmartNextGenForms": "StreetSmart NextGen Forms",
  "StreetSmartNextGenEnableForms": "Enable NextGen Forms",
  "SetActionPermissions": "Action Permissions",
  "AddModules": "Add Modules",
  "NonSelectedAvailableInAllModules": "Non Selected Available In All Modules",
  "recurrenceHeader": "Crew Allocation Recurrence",
  "recurrenceText": "Advanced recurrent crew allocations",
  "clientCertificationForOGMSwitchHeader": "Outgoing Messages Certificate",
  "clientCertificationForOGMSwitch": "Allow client certification",
  "resouceRelocationViaIntSwitchHeader": "Seamless Relocations via Integration",
  "resouceRelocationViaIntSwitch": "Allow Seamless Engineer Relocations",
  "OnboardingTools": "Setup",
  "OnboardingToolsEnableQuestion": "Enable Setup tools",
  "setupAnalyticsEnableQuestion": "Enable Analytics tool",
  "calendarV2SwitchHeader": "Calendar View",
  "calendarV2SwitchContent": "Activate Calendar View",
  "Calendar": "Calendar",

  "getAppointmentHeader": "Book Appointment Task Action",
  "getAppointmentText": "Enable Book Appointment task action",
  "getAppointmentMessageTitle": "Warning",
  "getAppointmentMessageBody": "'Appointment Booking' and 'Rebook Appointment' actions should be removed from all Roles before turning off this feature.",
  "AppointmentWhatsNewHeader": "Appointment Booking from client - Version 2.0.0",
  "AppointmentWhatsNewMessage": "<p>The upgraded version contains the following capabilities:<ul><li>Improved UI of the Book Appointment window.</li><li>Enabling graded appointment slots based on their adherence with the organization’s business objectives (further configuration is required).</li></ul></p>",
  "AppointmentWhatsNewMessageHeader": "Update Details",
  "newVersionWidgetLabel": "New version available",
  "newVersionUpdateBtnLabel": "Update",
  "newVersionDetailBtnLabel": "Details",
  "newVersionCancelBtnLabel": "Cancel",
  "newVersionWhatsNewWindowCaption": "What's new",

  "pdfWhatsNewHeader": "PDF Reports - Version 2.0.0",
  "pdfWhatsNewMessageHeader": "Update Details",
  "pdfWhatsNewMessage": "<p>Various reports can now be sent automatically or manually to multiple recipients, where the sending criteria is defined as the task status as well as the task type. The design capabilities of the report have beed extended to allow additional fine-tuning.</p><ul><li><b>Report editor: </b>Enhanced editing capabilities with the addition of multi-value property labels and filters.</li><li><b>Templates: </b>Support for multiple templates that can serve multiple types of reports.</li><li><b>Report configuration: </b>Individual recepients can now have their own preconfigured reports.</li><li><b>Sending criteria: </b>Reports are triggered according to the specific task types criteria as well as the existing task status criteria.</li><li><b>Sending mechanism: </b>In addition to automatic sending according to the defined sending criteria, a report can be previewed and sent via the schedule UI.</li><li><b>Full backword compatibility: </b>Existing reports will continue to function in the same way, without any further configuration.</li></ul><p><a href='https://wiki.cloud.clicksoftware.com/display/PUBC9D/Configuring+a+Task+PDF+Report' target='_blank'>Open Documentation</a> </p>",
  "pdfUpdateButton": "Update",

  "GISComponentFilterWidgetTitle": "Location Search",
  "UseComponentFilter": "Use geocode filter",
  "GISComponentFilterLocality": "Locality",
  "GISComponentFilterPostalCode": "Postal code",
  "GISComponentFilterCountry": "Country",
  "GISComponentFilterRoute": "Route",
  "GISComponentFilterAdministrativeArea": "Administrative area",
  "componentFiltering": "Location Search Enhance",
  "useGeocodingFallback": "Use geocode fallback",


  "securitySingleSignOnTitle": "Single Sign-On",
  "securitySingleSignOnLable": "Use Single Sign-On",
  "SSOConfigurationTitle": "Single Sign-On Configuration",
  "OK": "OK",
  "Cancel": "Close",
  "Next": "Next >",
  "Format": "Format:",
  "Upload": "Upload a file",
  "Back": "< Back",
  "SetIDPPlaceHolderText": "Enter IDP text here...",
  "SetEmailAttribute": "Enter Email attribute here...",
  "CopyToClipboard": "Copy to clipboard",
  "Apply": "Apply",
  "SSOConfigurationError": "SSO Configuration Error",
  "SSOConfigurationErrorMessage": "You cannot switch on the new SSO because the old SSO is still active.",
  "ActionCompleted": "Done.",
  "IDPWarningText": "Enter IDP text.",
  "EmailAttributeWarning": "Enter Email attribute text",
  "CopyCompleted": "Copied",
  "CopyFailedMessage": "Failed to copy",
  "WizardCompletedBtn": "Done",
  "Process": "Process",
  "Users": "Users",
  "Save": "Save",
  "Discard": "Discard",
  "SavePromptTitle": "Save",
  "SavePromptBody": "Save current setting? Closing without saving requires full reconfiguration.",
  "StartButton": "Start",
  "SetIDPButton": "Set IDP",
  "SetFSEButton": "Set FSE",
  "AssignButton": "Assign",
  "CompleteButton": "Complete",
  "InvalidSAMLmessage": "The SAML is not a valid XML",
  "FailedToSetIDP": "Failed to set IDP.",
  "FailedToUpdateIDP": "Failed to update IDP.",
  "FailedToDeleteIDP": "Failed to delete IDP.",
  "ErrorLabel": "Error",
  "InvalidFile": "Invalid file.",
  "InvalidURL": "Invalid URL",
  "IconCompleted": "fa-check-circle",
  "IconWarning": "fa-exclamation-triangle",
  "FailedToCreateIDP": "Failed to create IDP",
  "FailedToSetUsers": "Failed to set users",
  "FailedToCreateApp": "Failed to create App",
  "EmailAttribute": "Email attribute:",
  "AddIDPText": "Add IDP or select a file:",
  "FailedToGetUsers": "Failed to get SOUser objects.",
  "FailedToGetGroups": "Failed to get SOUserGroup objects.",
  "SetDetails": "Set Details",
  "WarningLabel": "Warning",
  "UpdateSSODetails": "Configuring SSO can take up to 7 minutes. It is recommended to avoid working during this period.",
  "EndUpdateMessage": "SSO configuration passed successfully.",
  "EndUpdateMessageLabel": "SSO Configuration",
  "forecastHeader": "Forecasting",
  "forecastText": "Allow Forecasting",
  "Forecast": "Forecast",

  "multipleResourcePerTaskHeader": "Multiple Resource Work",
  "multipleResourcePerTaskText": "Enable teamwork",
  "followUpTaskHeader": "Follow-up Task",
  "followUpTaskText": "Enable follow-up task",
  "multipleResourcePerTaskMessageTitle": "Warning",
  "multipleResourcePerTaskMessageBody": "Associated actions should be removed from all Roles before turning off this feature.",

  "MfaTitle": "Multi-Factor Authentication",
  "MfaLable": "Enable Multi-factor Authentication",
  "UserGroupsLabel": "User groups",
  "MfaAddUserGroupTitle": "Add User Group to MFA",
  "SelectGroup": "Select",
  "WarningUserWithoutPhone": "This user group includes users without a phone number.",
  "UserGroupName": "User group name:",
  "AddGroupBtn": "Add",
  "CancelAddGroup": "Cancel",

  "IpAddressTitle": "Integration",
  "IpAddressLabel": "Enforce IP address",
  "IpAddressInvalid": "Invalid IP address format",
  "IpAddressEmptyField": "If no range is entered, no IPs are permitted for integration",
  "IpAddressTooltip": "IP addresses from which integration is permitted",
  "IpExample": "Example: 111.34.23.255/30",
  "AlertDuplicateIP": "Failed to update IP addresses since the same addresses already exist",

  "MVAuditWidgetTitle": "Enhanced Multivalue Auditing",
  "MVAuditWidgetSwitchLabel": "Enable enhanced multivalue auditing",
  "MVAuditPopupMessageTitle": "Error",
  "MVAuditPopupMessageBody": "The audit of a business object is limited to 50 properties. By enabling this feature, the count of multivalue properties for auditing purposes will increase from 1 to the number of properties within the multivalue. To enable this feature, remove audited properties from the {0} object and ensure the count does not exceed the limit.",

  "StategicPlanningSwitchTitle": "Strategic Planning",
  "StategicPlanningSwitchBody": "Enable Strategic Planning",
  "StrategicPlanning": "Strategic Planning",

  "AnalyticsInformation": "Information",
  "AnalyticsError": "Error",
  "AnalyticsApplyTurnOnMessage": "Enabling Analytics takes time. This process operates in the background and takes approximately up to 30 minutes.",
  "AnalyticsApplyTurnOffMessage": "You are about to disable Analytics.<br/>This will cause your existing Analytics data to be deleted and you will not be able to view operational reports and dashboards.<br/>Do you want to proceed?",
  "Confirm": "Confirm",
  "CancelAction": "Cancel",
  "CrewMembersInOMSwitch": "Crew Members in Outgoing Message",
  "CrewMembersInOMSwitchTaskMessage": "Task Message",
  "CrewMembersInOMSwitchAssignmentMessage": "Assignment Message",
  "AnalyticsTurnOnError": "Analytics cannot be enabled because the tenant name contains the illegal character '-'. Please contact your system administrator.",
  "CrewAggregateSkillsWidgetTitle": "Aggregate Crew Skills",
  "UseCrewAggregateSkills": "Skills Aggregation",

  "StoTitle": "Session Timeout",
  "StoLable": "Enable session timeout configuration",
  "StoUserGroupsLabel": "User groups",
  "StoAddUserGroupTitle": "Add User Group to Session Timeout Configuration",
  "StoSelectGroup": "Select",
  "StoUserGroupName": "User group name:",
  "StoAddGroupBtn": "Add",
  "StoCancelAddGroup": "Cancel",
  "StoSessionTimeOutLabel": "Timeout (h):",
  "StoSessionTimeOutColumnTitle": "Timeout (h)",
  "WarningMaxAllowedHours": "Maximum allowed hours: 2160 (90 days)",
  "WarningMinAllowedHours": "Minimum allowed hours: 1",

  "Mfa2Title": "Multi-Factor Authentication",
  "Mfa2Lable": "Enable Multi-factor Authentication",
  "mfa2UserGroupsLabel": "User groups",
  "mfa2MFATypeLabel": "MFA type",
  "Mfa2AddUserGroupTitle": "Add User Group to MFA",
  "mfa2SelectGroup": "Select",
  "mfa2WarningUserWithoutPhone": "This user group includes users without a phone number.",
  "mfa2UserGroupName": "User group name:",
  "mfa2AddGroupBtn": "Add",
  "mfa2CancelAddGroup": "Cancel",
  "mfa2TimeoutType": "MFA type:",
  "timeoutModeOnEachLogin": "On each login",
  "timeoutModeOnResetPassword": "Periodic MFA",
  "mfa2WarningUserWithSSO": "This user group includes SSO users ('{0}').",
  "SearchPlaceholder": "Search",
  "mfaWhatsNewMessageHeader": "Update Details",
  "mfaWhatsNewMessage": "<p>On top of the existing multi-factor authentication (MFA), with each login, administrators are also able to configure user groups that are prompted with MFA only when the users reset their password.</p>",
  "resourceScore": "Resource Score",
  "enableResourceScore": "Enable resource scoring",
  "object": "Object",
  "rateProperty": "Rate property",
  "engineerProperty": "Resource property",
  "minReviews": "Minimum reviews",
  "numberOfLastReviews": "Number of most recent reviews to use",
  "select": "Select...",
  "fieldRequierd": "Required",
  "objectInfo": "The object that holds the information regarding the rating provided by the end customer per resource per assignment.",
  "ratePropertyInfo": "The property that holds the rating.",
  "resourcePropertyInfo": "The property that holds the resource’s identity.",
  "minimumReviews": "Minimum number of reviews required for calculating a score",
  "recentReviewsNumber": "The score calculation uses this number of the most recent reviews (if available)",
  "objectNotHaveRelevantProperties": "Object doesn't have the relevant properties",
  "reportEditorHeader": "Report Editor",
  "reportEditorSwitchContent": "Enable Report Editor",
  "Mobile": "Mobile",
  "mobileCrewAllocationHeader": "Crew Allocation App",
  "mobileCrewAllocationSwitchContent": "Enable the Crew Allocation app",
  "DailyExtract": "DailyExtract...",
  "DailyExtractText": "DailyExtract.."
}

