﻿{
  "Navigation_SearchPlaceholder": "Search...",
  "GlobalSearch_SearchPlaceholder": "Search...",
  "Profile": "Profile",
  "ProfileMenuLabel": "Profile Menu.",
  "Help": "Help",
  "Logout": "Logout",
  "ServiceHealth":"Service Health",
  "Version": "Bold",
  "Rights": "All rights reserved © ",
  "SearchAllOption": "All",
  "DurationDaysString": "d",
  "DurationHoursString": "h",
  "DurationMinutesString": "min",
  "BooleanTrueString": "Yes",
  "BooleanFalseString": "No",
  "UndefinedValueString": "Not defined",
  "LogoutHeader": "You are now logged out",
  "LogoutDescription": "You have been logged out from Service Edge, Thank you.",
  "LastLogin": "Last login",
  "SelectDeselectAll": "Select / Deselect All",
  "SideBarMenuLabel": "Menu",
  "GlobalSearchLabel": "Search for any standard Service Edge entity.",
  "GlobalSearchFilterLabel": "Filter search results.",
  "OK": "OK",
  "GrantAccessTimeOutTitle": "Access revoked",
  "GrantAccessTimeOutMessage": "Your access to {0} has been revoked. <br/>You will be logged out of the external user, and logged in to your original user.",
  "LogOutSTO": "Your session has expired. \nPlease sign in again."
}
