﻿{
    "Undefined": "Undefined",
    "BusinessHierarchyStructureLabel": "Business Hierarchy Structure:",
    "DefaultTimeZoneLabel": "Default Time Zone:",
    "TimeZonesNodeLevelLabel": "Time Zones Node Level:",
    "DefaultSchedulePolicyLabel": "Default Schedule Policy:",
    "saveButtonLabel": "Save",
    "failedGetCurrentSettings": "Failed to get current settings",
    "failedGetSelectedSchedulePolicy": "Failed to get selected  schedule policy",
    "failedGetAllSchedulePolicy": "Failed to get all schedule policies",
    "failedUpdateSchedulePolicy": "Failed to update schedule policy",
    "BH2Levels": "Region->District",
    "BH3Levels": "Area->Region->District",
    "BH4Levels": "Continent->Area->Region->District",
    "Continent": "Continent",
    "Area": "Area",
    "Region": "Region",
    "District": "District",
    "succssesSaveChanges": "Changes saved successfully",
    "failedSaveChanges": "Failed to save changes",
    "viewHeader": "General Settings",
    "ViewTitle": "Define general configuration settings regarding Business Hierarchy and Schedule Policy.",
    "mandatoryString": "This is a mandatory field!"

}
