﻿{
  "ViewHeader": "Support Access",
  "ActiveTab": "Accessible Accounts",
  "LogTab": "Access Log",
  "NoItemsInDataGrid": "No items in data grid",
  "ExpiredNoAccess": "-- NO ACCESS --",
  "ExpiresOnDate": "Expires on ",
  "CustomPanelLabel": "Support Access Expiration:",
  "Change": "change",
  "NotGranted": "Not granted",
  "OneDay": "1 day",
  "ThreeDays": "3 days",
  "OneWeek": "1 week",
  "Month": "1 month",
  "GrantSupportAccessHeader": "Grant Access to Support",
  "GrantSupportText": "Allow ClickSoftware Support team members to access the account.",
  "GrantSupportTextCont": "Support team members will be able to view and make changes to the account.",
  "TimePeriod": "Time period:",
  "Expires": "expires",
  "DayLeft": "day left",
  "DaysLeft": "days left",
  "Done": "Done",
  "Cancel": "Cancel",
  "RevokeAccess": "Revoke access",
  "Days": "days",
  "Day": "day",
  "Hours": "hours",
  "Hour": "hour",
  "Mins": "minutes",
  "Min": "minute",
  "LogIn": "Log In",
  "Operation": "Operation",
  "LogInTitle": "Log In as External User",
  "LogInMessageBody": "You are about to log in as an external user to {0} account. <br/> Do you want to continue?",
  "AccessNotGrantedTitle": "Access not Granted",
  "AccessNotGrantedBody": "It seems like the user hasn't granted access to Support",
  "AccessLogNotHistoryTitle": "No History",
  "AccessLogNotHistoryBody": "It seems like there's no history log to present",
  "LogInAsUser": "Log in as user",
  "AccessibleAccount": "Accessible Account",
  "ApprovalTime": "Approval Time",
  "Actions": "Actions",
  "Until": "Until",
  "Date": "Date",
  "Account": "Account",
  "EditedBy": "Edited By",
  "LogOut": "Log Out",
  "SearchPlaceholder": "Search...",
  "GridPageableDisplayCountItems": "{0} - {1} of {2} items",
  "GridPageableEmptyData": "No items to display",
  "GridPageableItemsPerPage": "Records per page",
  "GridPageableFirstPage": "Go to the first page",
  "GridPageableLastPage": "Go to the last page",
  "GridPageableNextPage": "Go to the next page",
  "GridPageablePreviousPage": "Go to the previous page",
  "GridPageableMorePages": "More pages",
  "Left": "left"
}
