﻿{
  "LocalizationHeader": "Localization",
  "Translate": "Translate",
  "ImportOrExport": "Import/Export",
  "Settings": "Settings",
  "Language": "Language",
  "Component": "Component",
  "Object": "Object",
  "PropertyLable": "Property Label",
  "Translation": "Translation",
  "SearchPlaceholder": "Search...",
  "en-US": "English united state",
  "it-IT": "Italian",
  "ApplyButton": "Apply",
  "CancelButton": "Cancel",
  "tabHeader": "Tab Header Name",
  "tabLable": "Label Name",
  "tabType": "Type",
  "componentChoose": "Choose",
  "componentProperty": "Property Label",
  "componentObjectNameLabel": "Object Name",
  "componentDictionaryItem": "Dictionary Item",
  "componentActionName": "Action Name",
  "componentRuleViolation": "Rule Violation",
  "componentTabLabel": "Tab / Label",
  "componentStaticText": "Static Text",
  "All": "All",
  "Select": "Select...",
  "Role": "Role",
  "RefreshFormMessageHeader": "Refresh",
  "RefreshFormMessage": "There are unsaved changes. Are you sure you want to refresh?",
  "YesButton": "Yes",
  "NoButton": "No",
  "ViewRefreshButton": "Refresh",
  "DictionaryNeme": "Dictionary Item Name",
  "BulkExportHeader": "Bulk Export",
  "BulkImportHeader": "Bulk Import",
  "ManageLanguagesHeader": "Manage Languages",
  "exportLabel": "Export",
  "importLabel": "Import",
  "importInstructionText": "Import CSV file with translations.",
  "exportInstructionText": "Export all localizable strings into CSV file for translation.",
  "exportData": "Data",
  "all": "All",
  "translated": "Translated",
  "notTranslated": "Not Translated",
  "hederMessageForSelectLanguage": "Default Language Cannot be Deleted",
  "bodyMessageForSelectLanguage": "This is the default language and therefore cannot be deleted. Please change the default language in order to delete this language.",
  "OkButton": "OK",
  "headerMessageForDeletLanguage": "Warning",
  "bodyMessageForDeletLanguage": "<b>You are about to delete a language</b>\n \n Deleting a language has irreversible implications:\n\t1. All the translations into that language will be permanently deleted from the system.\n \t 2. Users will not be able to use this language anymore. Users that used this language as a primary language will now be reverted to the default system language.\n \n Make sure that you have backed up the language's translations by clicking the 'Export' button.\n \n Are you sure you want to delete the language?",
  "yesbutton": "Yes",
  "nobutton": "No",
  "headerMessageAddCustomLanguage": "Attention!",
  "bodyMessageForAddCustomLanguage": "After the language name is set it cannot be changed. Are you sure you want to proceed?",
  "ObjectName": "Object Name",
  "ActionSystemName": "Action System Name",
  "ActionName": "Action Label",
  "RuleName": "Rule Name",
  "RuleViolationLabel": "Rule Violation Label",
  "TabLabel": "Tab / Label",
  "translateText": "{0} items translated",
  "noTranslateText": "{0} items not translated",
  "OperationDone": "Operation is done!",
  "OperationAborted": "Operation is aborted!",
  "Calculating": "Calculating...",
  "ImportDone": "Import completed!",
  "ImportStop": "Import stopped!",
  "Importing": "Importing...",
  "ExportErrors": "Export Errors",
  "ElapsedTime": "Elapsed Time:",
  "RemainingTime": "Remaining Time:",
  "CompletionStatus": "Completion Status:",
  "CompletedProcessing": "Completed Processing of",
  "ImportStatusImproved": "Import Status:",
  "ImportProcessingImproved": "Imported",
  "OutOf": "out of",
  "Items": "Items.",
  "Succeeded": "Succeeded:",
  "Failed": "Failed:",
  "ErrorsInformation": "Errors Information",
  "Export": "Export",
  "Locale": "Locale",
  "SubCategory": "Sub Category",
  "Name": "Name",
  "Message": "Message",
  "Type": "Type",
  "IdentifiersProperties": "Identifiers Properties",
  "Category": "Category",
  "FeildsError": "File fields are not correct",
  "TypeError": "File type is not correct",
  "UserMessagesErrorTitle": "Error on File Upload",
  "UserMessagesErrorTemplateFileTitle": "File Upload Error",
  "InCorrectFileTypeUserMessagesErrorBody": "Wrong file type was uploaded. Please try again.",
  "InCorrectFeildsStructerUserMessagesErrorBody": "Wrong file template was uploaded. Please click ‘Export' for the correct file template.",
  "StopBtn": "Stop",
  "closeBtn": "Close",
  "AbortProcessQuestion": "Are you sure you want to abort the process?",
  "StopProcessQuestion": "Are you sure you want to stop the import process?",
  "AbortProcessQuestionTitle": "Stop Process",
  "LocalizationProgress": "Localization Import - Progress Status",
  "LocalizationProgressStatus": "Import Status",
  "UseLegacyLocalization": "Use Legacy Localization",
  "AddLanguage": "Add Language",
  "items": "items",
  "Culture": "Culture",
  "PackageName": "Add Package Name",
  "PackageNameTitle": "Add Package Name",
  "defaulttitle": "Default",
  "deletetitle": "Delete",
  "LocalizationRepository": "Localization Repository",
  "Add": "Add",
  "Cancel": "Cancel",
  "AddLanguageFailed": "Failed",
  "AddingLanguageTaskStatusFailedMessage": "Adding the language failed.<br> Before adding a new language you need to map all task statuses to a task status category.",
  "AddLanguageFailedMessage": "Add Language(s) Failed",
  "AddingLanguageTaskStatusFailedMessage": "Adding the language failed.<br> Before adding a new language you need to map all task statuses to a task status category.",
  "addLanguageSelectedTitle": "Language Selected",
  "addLanguageSelectedBody": "This language has been selected, <br><br> Please choose a different language.",
  "failedTitle": "Failed",
  "failedBody": "An error occurred during the saving process. Please try again.",
  "Close": "Close",
  "UnsavedSettingsChangesHeader": "Unsaved Changes",
  "UnsavedSettingsChangesMessage": "There are unsaved changes. Are you sure you want to leave the 'Setting' view without saving?",
  "UnsavedTranslateChangesMessage": "There are unsaved changes. Are you sure you want to leave the 'Translate' view without saving?",
  "errorMessageForAddCustom": "Please click apply before add language",
  "tooltipWarning": "Sorting will lose unsaved changes",
  "Custom": "Custom",
  "uniqueErrorMassage": "Dictionaries cannot contain duplicate values.",
  "multipleErrorMassage": "There were errors during the saving process. Please fix the data and try again.",
  "UserMessagesExportErrorTitle": "Error",
  "exportProssesFaildUserMessagesErrorBody": "An error occured, Please try again",
  "Done": "Done",
  "PackageNameString": "Package Name",
  "SelectPlaceholder": "Select...",
  "TypeNameHerePlaceholder": "Type name here...",
  "FromList": "From list",
  "ErrorMessageTitle": "fields are invalid",
  "UniqueNameErrorMessage": "The name already exists",
  "UniqueNameErrorComment": "Try a different name",
  "UniqueCultureErrorMessage": "The culture already exists",
  "UniqueCultureErrorComment": "Try a different culture",
  "UniqueSelectedLanguageErrorMessage": "This language has been selected, Please choose a different language.",
  "ErrorTitle": "Error",
  "OverMaximumAllowedLanguagesError": "You have reached the maximum number of languages allowed. To add a new language, please first delete one of the existing languages.",
  "EditLanguage": "Edit Language",
  "exportProssesFaildUserMessagesErrorBody": "An error occured, Please try again",
  "deleteMessage": "Are you sure you want to delete this record?",
  "delete": "Delete",
  "cancel": "Cancel",
  "Default": "Default",
  "LanguageName": "Language Name",
  "packageName": "Package Name",
  "DefaultLanguage": "Default Language",
  "addNewRecord": "Add Language",
  "discriptionTooltip": "When this option is enabled, the translation of forms, views and specific components of the Schedule view (action text, task cards, and tooltips of task, assignment and resource) will be based on configuration settings instead of localization.",
  "ProcessingButton": "Processing..."

}
