﻿{
    "Action_mapShowTaskOnGantt": "Show on Gantt",
    "Action_mapShowTaskInClipboard": "Add to Clipboard",
    "Action_mapClearAllTasks": "Clear all Tasks",
    "Action_mapOpenPopupForm": "Edit",
    "Action_openPopupForm": "_Show On Map - DONT LEAVE COMMENTS INSIDE JSON - THIS IS NOT C#",
    "Action_mapShowResourcesDailyRoute": "Show Daily Route",
    "Action_mapShowResourceInList": "Show in Resources List",
    "OK": "OK",
    "RoutingNoOriginInformationText": "Can’t show route for {0}. The resource location data is invalid (Longitude/Latitude = 0).",
    "RoutingInformationText": "Displaying daily route for {0} - {1}",
    "RoutingResourceHasNoAssignments": "Can't show route for {0}. The resource has no assignments - {1}",
    "Routing_NOT_FOUND": "Cannot find route",
    "Routing_ZERO_RESULTS": "Unable to display route",
    "Routing_MAX_WAYPOINTS_EXCEEDED": "Maximum number of waypoints exceeded",
    "Routing_INVALID_REQUEST": "Invalid request",
    "Routing_OVER_QUERY_LIMIT": "Over query limit",
    "Routing_REQUEST_DENIED": "Request denied",
    "Routing_UNKNOWN_ERROR": "Unknown error",
    "MapLoadingFailedHeader": "Failed to load map",
    "MapLoadingFailedBody": "Try to reload the page again",
    "Map": "Map",
    "LiveTraffic": "Live Traffic",
    "TasksCoverageLayer": "Tasks Coverage Layer",
    "TerritoryCoverageLayer" :  "Territory Coverage Layer",
    "Fast": "Fast",
    "Slow": "Slow",
    "Layers": "Layers",
    "LayerErrorCaption": "Google map error",
    "LayerErrorMessage": "Error in loading layer '{0}'. <br>Please contact your system administrator.",
    "LAYER_STATUS_DOCUMENT_NOT_FOUND": "The document could not be found.",
    "LAYER_STATUS_DOCUMENT_TOO_LARGE": "The document exceeds the file size limits of KmlLayer.",
    "LAYER_STATUS_FETCH_ERROR": "The document could not be fetched.",
    "LAYER_STATUS_INVALID_DOCUMENT": "The document is not a valid KML, KMZ or GeoRSS document.",
    "LAYER_STATUS_INVALID_REQUEST": "The KmlLayer is invalid.",
    "LAYER_STATUS_LIMITS_EXCEEDED": "The document exceeds the feature limits of KmlLayer.",
    "LAYER_STATUS_TIMED_OUT": "The document could not be loaded within a reasonable amount of time.",
    "LAYER_STATUS_UNKNOWN": "The document failed to load for an unknown reason.",
    "btn_close": "Close",
    "BackwardDay": "Move 1 day backward",
    "ForwardDay": "Move 1 day forward",
    "RefreshMap": "Refresh map",
    "ChangeDateOfMap": "Change the date of the map",
    "setWorkingArea": "Set working area",
    "FilterName": "Territory for"
}
