﻿{
  "FilterOptions": "Filter Options",
  "FilterOptions_All": "All",
  "FilterOptions_Touch": "Touch",
  "FilterOptions_Classic": "Classic",
  "NewTemplate": "Add Template",
  "NewObjectForLC": "Add Object",
  "SelectLCObject": "Select or add object for loading criteria",
  "LogView": "Mobile Log Activation",
  "NewLog": "Add Mobile Log",
  "AddNewLog": "New Mobile Log",
  "MobileLogExternalLable": "Use External Log (for support only)",
  "EditLog": "Edit Mobile Log",
  "AddLogLevel": "Log Level",
  "AddLogDuration": "Duration ",
  "AddLogSave": "Save",
  "AddLogEdit": "Renew",
  "AddLogCancel": "Cancel",
  "NewLogOperation": "New",
  "LogSearchEngineerText": "Search...",
  "LogAddEngineer": "Mobile Users",
  "LogTitleEngineer": "Mobile User",
  "LogShowExpired": "Show active log only",
  "LogTitleActive": "Active",
  "LogTitleStart": "Start Time",
  "LogTitleExpiration": "Expiration Time",
  "LogEditLink": "Edit Log",
  "LogDeleteLink": "Delete Log",
  "LogTitleLevel": "Log Level",
  "AddLogAtleastOneEngineer": "Please select at least one mobile user",
  "AddLogNoMoreEngineer": "Please select no more than 3 mobile users",
  "LogSearchPlaceholder": "Search..."
}