﻿{
    "start": "Start",
    "startAt": "Start at the same start day",
    "finish": "Finish",
    "atLeast": "At Least",
    "atMost": "At Most",
    "between": "Between",
    "exactly": "Exactly",
    "after": "After",
    "before": "Before",
    "mustBeTheSame": "Must be the same",
    "TryToBeTheSame": "Try to be the same",
    "MustNOTBeTheSame": "Must NOT be the same",
    "AssignTheSameResource": "The resource of this task and task: ",
    "CallID": "CallID",
    "Critical": "Critical",
    "Description": "Description",
    "ofTask": "of task",
    "ThisTaskShould": "This task should:",
    "MandatoryMessage": "This is a mandatory field!",
    "TryToSchedule": "Try to schedule",
    "MustBeScheduled": "Must be scheduled",
    "MustNotBeScheduled": "Must not be scheduled",
    "Of": "of",
    "As": "as",
    "Add": "Add",
    "ResourceDescription": "{0} to the same resource {1} task {2}.",
    "StartLower": "start",
    "FinishLower": "finish",
    "StartOnSameDay": "start on the same day",
    "AtLeastLower": "at least",
    "NoMoreThan": "no more than",
    "BetweenLower": "between",
    "ExactlyLower": "exactly",
    "BeforeLower": " before",
    "AfterLower": " after",
    "DurationDescription": "{0} day(s), {1} hour(s), {2} minute(s)",
    "BetweenBefore": "{0} and {1} before ",
    "BetweenAfter": "{0} and {1} after ",
    "BetweenBeforeAfter": "{0} before and {1} after ",
    "BetweenAfterBefore": "{0} after and {1} before ",
    "TimeDescription": "This task should {0} {1} {2} {3} of task {4}.",
    "ZeroMinutes": "0min",
    "NotValidDependency": "This dependency is not valid!",
    "NoTasks": "No matching tasks!",
    "PropPanelDurationDaysLabel": "Day(s)",
    "PropPanelDurationHoursLabel": "Hour(s)",
    "PropPanelDurationMinutesLabel": "Minute(s)"
}
