﻿{
  "Home": "Home",
  "MyProfile": "My Profile",
  "Welcome": "Welcome",
  "ExampleModule": "Module Example",
  "sampleSearch": "Sample Search",
  "Settings": "Settings",
  "Schema": "Schema Editor",
  "SchemaConfiguration": "Settings Configuration",
  "SchemaSubItem": "Collections",
  "SchemaConfigurationSubItem": "Configuration",
  "SettingsHome": "Settings (Home)",
  "ExampleModuleSettings": "Example Module",
  "ExampleModuleSettingsSection1": "Section 1",
  "ExampleModuleSettingsSection2": "Section 2",
  "ClickStudio": "ClickStudio",
  "Tools": "Support Tools",
  "SO Tools": "Tools",
  "toolsSK": "Support Tools",
  "Legacy": "Legacy Admin",
  "SXP": "SXP",
  "Log": "User Log",
  "ClickSchedule": "Schedule",
  "CrewTeaming": "Crew Management",
  "Shift Management": "Shift Management",
  "Granted Access": "Support Access",
  "Dashboard": "Analytics",
  "BackupHistory": "Backup History",
  "ScheduleSettings": "Schedule",
  "ScheduleSettingsGeneral": "General",
  "ScheduleSettingsTaskList": "Task List",
  "Administration": "Administration",
  "Agents Manager": "Agents Manager",
  "Tenant Management": "Tenant Management",
  "Package Management": "Package Management",
  "CentralizedLog": "Centralized Log",
  "dataManagement": "Data",
  "Task Catalog": "Task Catalog",
  "Pod Administration": "Pod Administration",
  "Configuration": "Configuration",
  "User Management": "User Management",
  "Users": "Users",
  "User Groups": "User Groups",
  "Roles": "Roles",
  "Business Hierarchy": "Business Hierarchy",
  "Pod Deployment": "Pod Deployment",
  "alertStatusAccepted": "Accepted",
  "alertStatusPending": "Pending",
  "alertStatusClosed": "Closed",
  "OptimizeNow": "Optimize Now",
  "optimizeDistrict": "District",
  "optimizeStatus": "Status",
  "optimizeDay": "Optimized Day",
  "optimizeUser": "User",
  "optimizeCurrent": "Current",
  "optimizeOptimized": "Added to Gantt",
  "optimizeUns": "Removed from Gantt",
  "optimizeTimeStart": "Start Time",
  "optimizeTimeEnd": "Finish Time",
  "optimizeStatusPending": "Pending",
  "optimizeStatusStart": "Running",
  "optimizeStatusStopping": "Stopping",
  "optimizeStatusStop": "Stopped",
  "optimizeStatusFinish": "Completed",
  "optimizeStatusError": "Error",
  "alertRemoval": "Dismiss",
  "Views": "Views",
  "General Settings": "General Settings",
  "SOMap": "Map",
  "Scheduling Policy": "Schedule Policies",
  "Feature": "Features List",
  "Tenant Feature": "Features by Tenants",
  "Contractor Capacity": "Contractor Management",
  "Task Completion Report": "Task Completion Report",
  "Service Excellence": "Service Excellence",
  "OptimizetoGoals": "Optimize to Goals",
  "Value Meter": "Value Meter",
  "Mobile Log Activation": "Mobile Log Activation",
  "LocalizationRepository": "Localization Repository",
  "Localization": "Localization",
  "UserLoginHistory": "User Login History",
  "Resource Management": "Resource Management",
  "Calendar": "Calendar",
  "capacityPlanning": "Capacity Planning",
  "capacityPlanningManagement": "Capacity Planning",
  "Capacity Planning": "Capacity Planning",
  "capacityPlanningSettings": "Settings",
  "Task PDF Reports": "Task PDF Reports",
  "ClientCertificationForOGM": "Client Certification",
  "OnboardingTools": "Setup",
  "Forecast": "Forecast",
  "Strategic Planning": "Strategic Planning",
  "CalendarManagement": "Calendar Management",
  "RestLog": "Incoming Messages Log",
  "MobileApp": "Mobile",
  "ReportEditor": "Report Editor",
  "MobilityStudio": "Mobility Studio"

}
