﻿{
    "Objectives": "Objectives",
    "ObjectiveLevelHigh": "High",
    "ObjectiveLevelMed": "Medium",
    "ObjectiveLevelLow": "Low",
    "DynamicPriorityObjectivecontent": "Define Task Dynamic Priority Method",
    "NameInUse": "This name is used",
    "EmptyName": "Name can't be empty",
    "EditObjectivesTemplateName": "Edit Objectives Policy Name",
    "Apply": "Apply",
    "AddNewObjectivesPolicy": "Add New Objectives Policy",
    "Save": "Save",
    "DynamicPriorityHelpTitle": "Dynamic Priority Setup",
    "MinimizingOvertimeHelpTitle": "Minimizing Overtime vs. Minimizing Travel Time",
    "MinimizeTravelTimeHelpTitle": "Minimize Travel Time Objective",
    "PreferInternalReasourcesHelpTitle": "Prefer Internal Resources vs. Minimizing Travel Time",
    "PreferNamedReasourcesHelpTitle": "Preferred Resources vs. Minimizing Travel Time",
    "ServiceASAPHelpTitle": "Service ASAP vs. Minimizing Travel Time",
    "DynamicPriorityHelpUrl": "modules/administration/schedulingPolicy/objectives/objectivesHelp/maximizeProductivityObjectiveHelp.jpg",
    "MinimizingOvertimeHelpUrl": "modules/administration/schedulingPolicy/objectives/objectivesHelp/minimizeOvertimeObjectiveHelp.jpg",
    "MinimizeTravelTimeHelpUrl": "modules/administration/schedulingPolicy/objectives/objectivesHelp/minimizeTravelObjectiveHelp.jpg",
    "PreferInternalReasourcesHelpUrl": "modules/administration/schedulingPolicy/objectives/objectivesHelp/preferInternalResourcesObjectiveHelp.jpg",
    "PreferNamedReasourcesHelpUrl": "modules/administration/schedulingPolicy/objectives/objectivesHelp/preferNamedResourcesObjectiveHelp.jpg",
    "ServiceASAPHelpUrl": "modules/administration/schedulingPolicy/objectives/objectivesHelp/serviceASAPObjectiveHelp.jpg",
    "DefaultObjectivesPolicy": "Default Objectives Policy",
    "InvalideReferencesMessegeHeader": "Invalid reference to schedule policy",
    "InvalideReferencesMessege": "The schedule policy referenced to two or more objectives policy.",
    "InvalideReferencesOnSaveMessege": "You can't save the changes without checking objectives policy."
}
