﻿{
  "activateButton": "Activate",
  "ActivateInfo": "<b>Test</b>: Send a generic outgoing message. <br/><b>Activate</b>:  Apply the certificate to all outgoing messages.",
  "activationInProgressButton": "Activating...",
  "addCertificateAuthentication": "Add certificate authentication",
  "backToPreviewsLinkLabel": "Back to previous certificate",
  "bitLengthLabel": "Bit length",
  "CACertificateInfo": "<b>Upload</b>: After receiving the CA-signed certificate, you can upload it.<br/>You should first verify that the signed certificate matches the pre-signed certificate.",
  "caCertificateLabel": "CA certificate",
  "cancelButton": "Cancel",
  "CertificateExpiredError": "This certificate has Expired. Do you want to continue?",
  "CertificateForCustomerUse": "This certificate is intended for outgoing messages",
  "CertificateInfoLabel": "Certificate information",
  "certificateName": "Certificate name:",
  "ChangeCertificateNameError": "This certificate name is already used",
  "cityLabel": "City/Locality",
  "ClickUploadButtonLabel": "Click the \"Upload\" Button",
  "closeButton": "Close",
  "commonNameLabel": "Common name",
  "copyButton": "Copy details to wizard",
  "countryLabel": "Country/Region",
  "currentDigitalCertificateDetailsLabel": "Current Digital Certificate Details",
  "days": "days",
  "detailsLinkLabel": "Details",
  "detailsTab": "Details",
  "DisableCertificateInfo": "Once you click ‘OK’, outgoing messages will be sent without a certificate. Are you sure?",
  "DisableCertificateInfoHeader": "Disable certificate",
  "disableCertificateLinkLabel": "Disable certificate",
  "downloadButton": "Generate",
  "enableCertificateLinkLabel": "Enable certificate",
  "ErrorEncountered": "Error encountered during Request creation.",
  "ErrorEncounteredActivation": "Error encountered during activation.",
  "ErrorEncounteredTesting": "Error encountered while cesting certificate.",
  "ErrorLabel": "Error",
  "expirationDate": "Expiration date:",
  "ExpirationDateWithIn3Months": "Expiration date is within 3 months from today",
  "FeatureIsOff": "Feature is Switched Off, Please Contact Administrator.",
  "FileUploadError": "Error encounetered during File upload!",
  "generalTab": "General",
  "headerTextActivated": "Activated Client-side Certificate for Outgoing Messages",
  "headerTextDeactivated": "Deactivated Client-side Certificate for Outgoing Messages",
  "headerTextDefault": "Client-side Certificate for Outgoing Messages",
  "InfoTitle": "Info",
  "InvalideFileMessege": "Invalid File",
  "IssuedByLabel": "Issued by:",
  "IssuedToLabel": "Issued to:",
  "leftButton": " Back",
  "newCertificateInfo": "<b>Generate</b>: Issue a new pre-signed certificate that you can send to the Certificate Authority (CA).",
  "newCertificateLabel": "New certificate",
  "nextButton": "Next ",
  "NO_CERTIFICATE_REQUIRED_ERROR": "Certificate Authentication is not configured at client side.",
  "NOButton": "No",
  "NoFile": "No file",
  "NoticeLabel": "It is recommended to test the certificate before activating it",
  "okButton": "OK",
  "organizationalUnitLabel": "Organizational unit",
  "organizationLabel": "Organization",
  "pathTab": "Path",
  "patternMismatchError": "Pattern mismatch error",
  "PreviewsCertificateInfo": "Are you sure? Keep in mind that the previous certificate expires in ",
  "PreviewsCertificateInfoHeader": "Previous certificate",
  "previousDigitalCertificateDetailsLabel": "Previous Digital Certificate Details",
  "removeButton": "Remove Certificate",
  "renewCertificateLabel": "Renew certificate",
  "requestLabel": "Certificate name",
  "requiredField": "This is a required field",
  "SelectBitSize": "Select bitSize",
  "SelectCountry": "Select country",
  "SpecialCharacterNotAllowed": "[]!@#$%^*()~?><&\/\\,.\\\"' not allowed.",
  "stateLabel": "State/Province",
  "Test&ActivateInfo": "By clicking on ‘Test’ a single generic outgoing message will be sent.Once you Activate the new certificate all outgoing messages will include the new certificate.",
  "TestActivateCertificateHeading": "Test & Activate Certificate",
  "testActivateLabel": "Test & Activate",
  "testButton": "Test",
  "TestCertificateHeading": "Test Certificate",
  "testInProgressButton": "Testing...",
  "TestSuccededMessage": "Test Succeded",
  "TestWindow_Domain": "Domain",
  "TestWindow_NCParameters": "Provide new connection parameters",
  "TestWindow_Password": "Password",
  "TestWindow_SelectDestination": "Destination",
  "TestWindow_TestButton": "Test",
  "TestWindow_TestFailed": "Test Failed",
  "TestWindow_TestFailedDetails": "Details",
  "TestWindow_TestSucceded": "Test Passed",
  "TestWindow_URL": "URL",
  "TestWindow_Username": "Username",
  "UnderProgressError": "Certificate Request is under Process. Please try after some time.",
  "uploadButton": "Upload",
  "UploadCertificateExpireError": "Certificate expiration date has already passed. Upload failed.",
  "UploadKeyError": "The public key of the certificate does not match the value specified.",
  "userID": "User ID:",
  "ValidFrom": "Valid:",
  "WarningActivate": "All outgoing messages will include the new certificate.Would you like to proceed?",
  "WarningBit16384": "You have selected the maximal bit length, the generation process will take about an hour, would you like to proceed?",
  "WarningBit8192": "You have selected the 8192-bit length, the generation process will take about 5 minutes, would you like to proceed?",
  "WarningDeleteEarlierCertificate": "Your Deactivated certificate will be removed if you proceed, do you want to continue ?",
  "WarningRemove": "Once you click ‘OK’, uploaded certificate will be removed and you will not be able to use it further.",
  "WarningTitle": "Warning",
  "WarningUpdateRequest": "Since you have updated the data, a new request will be raised and you will loose your current certificate data.Are you sure?",
  "watermarkLabel": "e.g. www.clicksoftware.com",
  "YESButton": "Yes"
}