﻿{
  "Title": "Service Edge - New Password",
  "InitMessage": "Enter a new password for:",
  "NewPasswordLable": "New password:",
  "ConfirmPasswordLable": "Confirm password:",
  "PasswordNotMatched": "Doesn't match",
  "SuccessMessage": "You can now use your password and user name to <a href='{0}'>login</a> to the ClickSoftware cloud. If you still can't log in, Please contact your administrator for further assistance",
  "ErrorMessage": "Something went wrong! <br/>Please contact your administrator for further assistance",
  "TermsOfUse": "Terms of use",
  "PrivacyPolicy": "Privacy Policy",
  "Copyright": "All rights reserved © ClickSoftware",
  "PasswordPolicy": "Password Policy",
  "PasswordPolicyMessage": "Passwords must contain at least 8 characters<br />The characters must be selected from at least three of the following categories:",
  "PasswordPolicyListItem1": "Upper-case characters",
  "PasswordPolicyListItem2": "Lower-case characters",
  "PasswordPolicyListItem3": "Numbers from 0 to 9",
  "PasswordPolicyListItem4": "Special character (one of the following characters:",
  "SubmitButtonLable": "Change",
  "LanguageDirection": "ltr"
}
