﻿{
  "Title": "Service Edge - Password Reset",
  "TitleMessage": "Having trouble signing in?",
  "PasswordExpired": "Your password has expired",
  "EmailLabel": "To reset your password, enter the user name you use to sign in to Service Edge.",
  "SubmitButtonLabel": "Submit",
  "SuccessMessage": "Check the email account associated with your user name for instructions on resetting your password. Remember to look in your spam folder, where automated messages sometimes filter. If you still can't log in, Please contact your administrator for further assistance",
  "ErrorMessageHeader": "Something went wrong!",
  "ErrorMessageDetails": "You can try <a href='.'>again</a> or login with a <a href='{0}'>different user</a><br /></br/> Please contact your administrator for further assistance",
  "TermsOfUse": "Terms of use",
  "PrivacyPolicy": "Privacy Policy",
  "Copyright": "All rights reserved © ClickSoftware",
  "LanguageDirection": "ltr"
}
