﻿{
  "SSO_NEW_SO_USER_EMAIL_BODY": {
    "P0": "Hello,",
    "P1": "We have received and successfully processed your request for a new user account in ",
    "P3": " tenant.",
    "P4": "Using the following credentials to login:",
    "P5": "User name: ",
    "P9": "Click here to activate your user",
    "P10": "(You will be requested to change your password upon first login)",
    "P11": "ClickMobile client can be accessed through: ",
    "P13": "If you have any questions, please use our Online Case Management system to create a Case ",
    "P14": ". You can also contact ClickSoftware",
    "P15": "s cloud operations support by telephone and speak with a Technical Support Representative. If you wish to speak with a member of our cloud operations support, call +1-877-229-9436.",
    "P16": "Sincerely,",
    "P17": " Cloud operations, ",
    "P18": " ClickSoftware",
    "P19": " +1-877-229-9436 ",
    "P20": " ClickSoftware.com"
  },
  "CREATE_NEW_SSO_USER_TEXT": {
    "P0": "Dear User,",
    "P1": "Welcome to Service Edge!",
    "P2": "You can now access Service Edge with your company's login policy.",
    "P3": "Login to Service Edge by clicking ",
    "P5": "here",
    "P6": "ClickSchedule Legacy UI can be accessed ",
    "P7": "ClickMobile Touch can be accessed ",
    "P8": " or ",
    "P9": "download",
    "P10": " the ClickMobile app.",
    "P11": "If you experience any problems, please contact your administrator for further assistance.",
    "P15": "Best Regards,",
    "P16": "ClickSoftware Customer Support"
  },

  "ADD_SO_USER_EMAIL_BODY_TEXT": {
    "P0": "Dear User,",
    "P1": "Welcome to Service Edge! Your user name and activation link are below:",
    "P2": "User name: ",
    "P4": "Click ",
    "P6": "here</a> to activate your user. This link is valid for the next 24 hours.",
    "P7": "You'll be asked to reset your password when you first log in. Passwords are case sensitive.",
    "P8": "If you experience any problems, please contact your administrator for further assistance.",
    "P13": "Sincerely,",
    "P14": "ClickSoftware"
  },
  "ADD_SO_USER_ADMIN_EMAIL_BODY_TEXT": {
    "P0": "Dear Admin,",
    "P1": "Welcome to Service Edge! Your user name and activation link are below:",
    "P2": "User name: ",
    "P4": "Click ",
    "P6": "here",
    "P7": " to activate your user.",
    "P8": "You'll be asked to reset your password when you first log in. Passwords are case sensitive.",
    "P9": "If you experience any problems, please contact your administrator for further assistance.",
    "P14": "Sincerely,",
    "P15": "ClickSoftware"
  },
  "Subject": {
    "ADD_SO_USER_EMAIL_SUBJECT": "Your Service Edge user is ready",
    "CREATE_NEW_TENANT_EMAIL_SUBJECT": "Your Service Edge tenant was created successfully!",
    "CREATE_TENANT_FAILED_SUBJECT": "Tenant creation failed.",
    "OVERRIDE_TENANT_CANCELLED_SUBJECT": "Override tenant operation cancelled due to validation errors.",
    "OVERRIDE_TENANT_FAILED_EMAIL_SUBJECT": "Override tenant operation failed",
    "OVERRIDE_TENANT_SUCCEEDED_EMAIL_SUBJECT": "Tenant restored successfully",
    "TENANT_BACKUP_CANCELED_SUBJECT": "Tenant backup operation canceled by user.",
    "TENANT_BACKUP_FAILED_SUBJECT": "Tenant backup operation failed.",
    "TENANT_BACKUP_SUCCEEDED_SUBJECT": "Tenant backup completed successfully.",
    "UPDATE_PHONE_NUMBER_EMAIL_SUBJECT": "Update phone number link.",
    "WELCOME_TO_SERVICE_EDGE": "Welcome to Service Edge"
  }
}
