{
  "Title": "Service Edge - Secure Login",
  "UserName": "Username",
  "Password": "Password",
  "SavePassword": "Save Password",
  "BtnSignIn": "Sign In",
  "LinkForgotMyPassword": "Forgot my password",
  "ErrorMessage": "The username or password is incorrect. Please try again, reset your password or contact the administrator for help.",
  "TermsOfUse": "Terms of use",
  "PrivacyPolicy": "Privacy Policy",
  "Copyright": "All rights reserved © ClickSoftware",
  "LanguageDirection": "ltr",
  "Error101":"This user is currently blocked. For details contact your system administrator.",
  "Error102":"The username you have entered is configured as SSO, However - No redirect URL has been found.",
  "AuthFail":"The username or password is incorrect. Please try again or contact the administrator for help."
}
