﻿{
  "0": {
    "header": "Something went wrong",
    "body": "Please contact your administrator for further assistance"
  },
  "1": {
    "header": "Password Changed",
    "body": "Your password has been changed. Use this password to <a href='LOGINURL'>login</a> to the system from now on."
  },
  "2": {
    "header": "Password not good",
    "body": "The password does not meet complexity requirements. Please try again."
  },
  "3": {
    "header": "Account Activated Successfully",
    "body": "You can now use your password and username to <a href='LOGINURL'>login</a> to the Service Edge. If you still can't log in, Please contact your administrator for further assistance</a>"
  },
  "passwordStrength": {
    "-1": "Error",
    "0": "",
    "1": "Too Short",
    "2": "Requirements not Met",
    "3": "Very Weak",
    "4": "Weak",
    "5": "Acceptable",
    "6": "Medium",
    "7": "Strong",
    "8": "Very Strong",
    "9": "Incredible"
  }
}
