{
	"Header": "Optimize to Goals",
	"SubHeader": {
		"home": "KPI Overview",
		"historyView": "KPI Analysis",
		"historyCompare": "Detailed KPI Information",
		"improve": "Define Goals for ",
		"simulationPlanSetup": "Simulation Plan Setup for ",
		"simulationPlans": "Simulation Plans",
		"simulationPlanAnalysis": "Simulation Plan Analysis for ",
		"simulationScenariosComparison": "Simulation Scenarios Comparison for "
	},
	"menu": {
		"home": "Home",
		"menuHistory": "Optimize",
		"improve": "Improve",
		"simulations": "Simulations"
	},
	"home": {
		"headerSingle": "Area",
		"headerMulti": "Areas"
	},
	"district": {
		"TotalResources" : "Total Resources",
		"Crews" : "Crews",
		"engineers": "Engineers",
		"Contractors" : "Contractors",
		"AppointmentPercent" : "% Appointments",
		"AvgTaskPerResourcePerDay" : "Avg. Tasks per Resource per Day",
		"AvgCandidatePerTask" : "Avg. Candidates per Task",
		"TasksWithoutCandidates": "Tasks without Candidates",
		"TasksWithManyCandidates": "Tasks with Over 15 Candidates",
		"MSTPercent": "% MSTs",
		"MDTPercent": "% MDTs",
		"Tasks": "Tasks",
		"ShowSimilar": "Show me districts like me"
	},
	"kpis": {
		"AvgResponseTime": "Response Time",
		"AvgTravelTime": "Travel Time",
		"DynamicPriority" : "Dynamic Priority",
		"NumberScheduledTasks" : "Scheduled Tasks",
		"ScheduledToPreferredResource" : "Preferred Resource",
		"Utilization" : "Resource Utilization",
		"AssignmentsAllocationOnOptional": "Overtime Utilization",
		"AppointmentsAtRisk": "Appointments At Risk",
		"LastChanceTasks": "Last Chance Tasks",
		"ScheduledAppointment": "Scheduled Appointments",
		"OptionalTimeUtilization": "Overtime Utilization"
	},
	"homeKpis" : {
		"AvgTravelTime": "Avg. Travel Time per Task",
		"AvgResponseTime": "Avg. Response Time per Task",
		"AppointmentsAtRisk" : "% of Appointments At Risk",
		"OptionalTimeUtilization" : "Overtime Utilization",
		"AssignmentsAllocationOnOptional" : "Overtime Utilization",
		"ScheduledToPreferredResource" : "% of Tasks Scheduled to Preferred Resource",
		"NumberScheduledTasks" : "% of Scheduled Tasks",
		"Utilization" : "Resource Utilization",
		"ScheduledAppointment" : "% of Scheduled Appointments",
		"LastChanceTasks" : "% of Last Chance Tasks"
	},
	"simulations" : {
		"table" : {
			"simulationName" : "Simulation Name",
			"area" : "Area",
			"simulationStart" : "Simulation Start",
			"simulationFinish" : "Simulation Finish",
			"recommended" : "Recommended"
		}
	},
	"improve" : {
		"setupSimulationBtn" : "Set Up Simulation Plan",
		"bookSimulationBtn" : "Book Simulation",
		"improveFormHeader" : "Select up to five simulation scenarios"
	},
	"misc" : {
		"selectArea" : "Please select an area",
		"detailedInfo" : "Detailed Information",
		"exportToExcel" : "Export To Excel",
		"back" : "Back",
		"apply" : "Apply",
		"success" : "Success",
		"error" : "Error",
		"goal" : "Goal",
		"payUpTo" : "Pay Up To",
		"noData" : "No data to show",
		"addArea" : "Add Area"
	},
	"improveForm" : {
		"startDate" : "Start Date",
		"endDate" : "End Date",
		"simulationName" : "Name",
		"id" : "ID",
		"description" : "Description",
		"source" : "Source",
		"localUse" : "Local Use",
		"rating" : "Rating"

	},
	"serverMsg" : {
		"simulationTaken" : "Simulation name is already Taken",
		"simulationCreated" : "A simulation plan was created",
		"simulationApplied" : "Simulation Applied",
		"selectFiveConfigs" : "select up to 5 scenarios",
		"generalError" : "Error creating simulation",
		"applySimulationError" : "Error applying simulation",
		"selectLimitConfigs" : {
			"start" : "Select up to",
			"end" :  "scenarios",
			"oneConfig" : "a single scenario",
			"singleScenario" : "Select 1 scenario"
		}
	}

}
