﻿{
  "templateSearch":"Search",
"TemplateAddNew":"Add New Template",
"TemplateGridHeaderName":"Name",
"TemplateEditTooltip":"Edit",
"TemplateDuplicateTooltip":"Duplicate",
"TemplateDeleteTooltip":"Delete",
"UserMessagesLoaObjectFailed":"Unable to load objects.",
  "SelectPDFTemplate": "Select PDF Template",
  "PDFTemplates": "PDF Templates",
  "TemplatesPreview": "Template Preview",
  "PDFReportsManagement": "PDF Reports Management",
  "TemplatesManagement": "Templates Management",
  "All": "All Task Types",
  "Default": "Send to future Task Types",
  "OkButton": "OK",
  "ApplyButton": "Apply",
  "CancelButton": "Cancel",
  "CloseButton": "Close",
  "ValidationsMessage": "Validations Message",
  "ValidationsWereFoundTitle": "The following validations were found:",
  "Close": "Close",
  "Search": "Search",
  "emptyString": "No items to display",
  "all": "All",
  "TaskType": "Task Type",
  "addNewRecord": "Add New Record",
  "delete": "Delete",
  "cancel": "Cancel",
  "deleteMessage": "Are you sure you want to delete this record?",
  "NoData": "No Data",
  "saveTitle": "Continue",
  "saveBody": "There are unsaved changes. Are you sure you want to continue?",
  "leaveBtn": "Continue",
  "cancelBtn": "Cancel",
  "updateErrorTitle": "Duplicate",
  "updateExceptionMessage": "The record already exists",
  "addNewReport": "Add New Report",
  

  "configSelectTaskStatus":"Task Status",
  "configSelectTaskType":"Task Types",
  "configSelectPDFTemplates":"PDF Template",
  "configSelectEmailNotification":"Recipient Email",
  "configActionEditTooltip":"Edit",
  "configActionDeleteTooltip":"Delete",  
  "configActionDuplicateTooltip":"Duplicate",
  "configActionUpdateTooltip":"Update",  
  "configActionCancelTooltip":"Cancel",
  "configSearch":"Search",
  "AllOrDefaultSelectedMessage":"'All Task Types' already selected.",
  "CustomerEmail": "CustomerEmail",
  "TemplateInUseMessage":"The selected template is in use.",
  "TemplateShortAsc":"A to Z",
  "TemplateShortDes":"Z to A",
  "TemplateZoom":"Zoom"
}
