﻿{
    "View": "View",
    "Form": "Form",
    "FormOKButton": "OK",
    "FormApplyButton": "Apply",
    "FormCancelButton": "Cancel",

    "PlatformSearchPlaceholder": "Search...",

    "ShowAllObjectsFilterName": "All",

    "pdfReportButton": "Generate PDF Report",
    "ViewManageFilterButton": "Manage Filters",
    "ViewMultiSortButton": "Sorting",
    "ViewHelpButton": "Help",
    "ViewPrintButton": "Print",
    "ViewExportButton": "Export",
    "ViewNewObjectButton": "New",
    "ViewDuplicateButton": "Duplicate",
    "ViewDeleteObjectButton": "Delete",
    "ViewRefreshButton": "Refresh",
    "ViewAutomaticRefresh": "Refresh every:",
    "ViewAutomaticRefresh5Minutes": "5 Minutes",
    "ViewAutomaticRefresh10Minutes": "10 Minutes",
    "ViewAutomaticRefresh15Minutes": "15 Minutes",

    "FormNotConfiguredMessage": "A form has not been configured for this object type <br/>Contact your system administrator.",
    "SaveFormMessageHeader": "Save Changes?",
    "SaveFormMessage": "Do you want to save the changes made to {0}?",
    "SaveNewFormMessage": "Do you want to save the new object?",
    "SaveDuplicatedFormMessage": "Do you want to save the duplicated object?",
    "RefreshFormMessageHeader": "Refresh",
    "RefreshFormMessage": "There are unsaved changes. Are you sure you want to refresh?",
    "YesButton": "Yes",
    "NoButton": "No",
    "CancelButton": "Cancel",
    "DeleteButton": "Delete",
    "SaveButton": "Save",
    "DoNotSaveButton": "Don't Save",
    "NewButton": "New",
    "StopButton": "Stop",
    "updateChangesMessage": " by {0} at {1}",

    "FieldPickerAvilableFieldsHeader": "Select Columns",
    "FieldPickerSelectedFieldsHeader": "Sort By",
    "FieldPickerSearchText": "Search...",
    "FieldPickerSelectedPropertiesDescription": "Drag here",
    "FieldPickerDescription": "Drag the columns you wish to use for sorting, in the desired order",

    "NoItemsInDataGrid": "No items to display",
    "FailedToLoadGridObjects": "Failed to load {0} objects",

    "MissingColumnConfiguration": "Missing column configuration",

    "GridPageableDisplayCountItems": "{0} - {1} of {2} items",
    "GridPageableEmptyData": "No items to display",
    "GridPageableItemsPerPage": "Records per page",
    "GridPageableFirstPage": "Go to the first page",
    "GridPageableLastPage": "Go to the last page",
    "GridPageableNextPage": "Go to the next page",
    "GridPageablePreviousPage": "Go to the previous page",
    "GridPageableMorePages": "More pages",

    "DeletePropertyTooltip": "Remove",
    "MultiSortCaptions": "{0} Sorting",
    "SortButton": "Sort",
    "MultiSortStringASC": "A to Z",
    "MultiSortStringDESC": "Z to A",
    "MultiSortBooleanASC": "Yes to No",
    "MultiSortBooleanDESC": "No to Yes",
    "MultiSortDateASC": "Old to New",
    "MultiSortDateDESC": "New to Old",
    "MultiSortDefaultASC": "Ascending",
    "MultiSortDefaultDESC": "Descending",

    "NotDefined": "Not Defined",


    "PropPanelValidationMessage": "You did not edit this property.",
    "PropPanelsMandatoryMessage": "This is a mandatory field!",
    "PropPanelBooleanTrueString": "True",
    "PropPanelBooleanFalseString": "False",
    "PropPanelDateTimeNotValidDate": "Not a valid date!",
    "PropPanelDateTimeNotInRange": "Date is out of allowed range",
    "PropPanelDurationDaysLabel": "Day(s)",
    "PropPanelDurationHoursLabel": "Hour(s)",
    "PropPanelDurationMinutesLabel": "Minute(s)",
    "PropPanelKeySelectObjectPlaceHolder": "Select an object",
    "PropPanelKeyNotValidObject": "Not a valid object!",
    "PropPanelKeyTransitionObject": "Value cannot be empty when a Status Transition is defined",

    "OpenSearchDialog": "Search",

    "HeaderObjectType": "Search for {0}",
    "SelectButton": "Select",
    "AdvancedFilterButton": "Advanced filter",
    "ReturnToViewButton": "Back to search",
    "AddButton": "Add",

    "NewObject": "New",

    "mvAggregatePopUpCreate": "{0}: Create Item",
    "mvAggregatePopUpEdit": "{0}: Edit Item",

    "breadcrumbsDuplicateString": "Duplicate of ",

    "UserMessagesModuleStringsLoadFail": "Failed to load filter's module strings",
    "UserMessagesGetViewSettingFail": "Failed to get {0} View Setting.",
    "UserMessagesViewLoadFail": "{0} View load failed.",
    "UserMessagesLoadDataFail": "Loading data failed.",
    "UserMessagesInitializeActionsFail": "Failed to initialize context menu actions.",
    "UserMessagesFormLoadFail": "Failed to load {0} form.",
    "UserMessagesGetObjectFail": "Failed to get object of type: {0} object key: {1}.",
    "UserMessagesSaveObjectFail": "Failed to save object.",
    "UserMessagesConfirmDeleteTitle": "Delete",
    "UserMessagesConfirmSingleObjectDelete": "Are you sure you want to delete {0}?",
    "UserMessagesConfirmMultipleObjectsDelete": "Are you sure you want to delete the selected {0} records?",
    "UserMessagesDeleteObjectFailed": "Failed to delete object {0}.",
    "UserMessagesDeleteObjectsFailed": "Failed to delete objects.",
    "UserMessagesDeleteObjectsDescription": "Object: {0}, Reason: {1}",
    "UserMessagesGetDisplayStringFailure": "Failed to get property value to display.",
    "UserMessagesTryOpenNotExistObject": "The object has been deleted by another user or process",
    "UserMessagesErrorTitle": "Error",
    "UserMessagesOKButton": "OK",
    "UserMessagesEnableFeature": "Feature will be enabled for selected tenants.<br/>Are you sure you want to proceed?",
    "UserMessagesDisableFeature": "Feature will be disabled for selected tenants.<br/>Are you sure you want to proceed?",
    "UserMessagesEnableFeatureAllPageSelected": "Only {0} tenants out of {1} will be enabled.<br/>Are you sure you want to proceed?",
    "UserMessagesDisableFeatureAllPageSelected": "Only {0} tenants out of {1} will be disabled.<br/>Are you sure you want to proceed?",
    "UserMessagesEnableFeatureForTenants": "Feature will be enabled for all tenants.<br/>Are you sure you want to proceed?",
    "UserMessagesDisanableFeatureForTenants": "Feature will be disabled for all tenants.<br/>Are you sure you want to proceed?",
    "UserMessagesEnable": "Enable",
    "UserMessagesDisable": "Disable",
    "UserMessagesDeleteRecurrence": "Are you sure you want to delete all recurring series?",
    "UserMessagesInitializeServiceFail": "Failed to initialize service {0}",


    "ActiveUsersCustomPanelLabel": "Active Users",

    "ViewNotConfiguredMessage": "A view has not been configured for this object type <br/>Contact your system administrator.",

    "UserMessageMVAttachmentNotLoading": "Your File attachment configuration is in beta version and no longer supported. please change your settings to get the new version.",

    "InvalidFileType": "The file type you have selected is invalid.",
    "InvalidFileSize": "The file size has exceeded the maximum allowed size.",
    "InvalidFileTypeAndSize": "The file type and size are invalid.",
    "CreateRecurrence": "Create recurrence",

    "History": "History",
    "Mile": "Miles",
    "Km": "KM",

    "MessageLevelError": "Error",
    "MessageLevelWarrning": "Warning",
    "MessagelevelInformation": "Info",

    "MessageExportTitle": "Question",
    "MessageExportQuestion": "You can export up to {0} records. Only the first {0} records on the list will be exported. Would you like to proceed?",

    "CrewFormTitle": "Crew",
    "RelocationFormTitle": "Relocation",
    "OperationDone": "Operation is done!",
    "OperationAborted": "Operation is aborted!",
    "calculating": "Calculating...",
    "ElapsedTime": "Elapsed Time:",
    "RemainingTime": "Remaining Time:",
    "CompletionStatus": "Completion Status:",
    "CompletedProcessing": "Completed Processing of",
    "outOf": "out of",
    "Records": "Records.",
    "Succeeded": "Succeeded:",
    "Failed": "Failed:",
    "ErrorsInformation": "Errors Information",
    "Export": "Export",
    "Tenant": "Tenant",
    "Feature": "Feature",
    "Message": "Message",

    "GenerateTaskCompletionReportDescription": "Generate Task PDF Report(s)",
    "PreviewReportDescription": "Preview Report",
    "TemplateInformation": "Template Information",
    "EmailInformation": "Email Information",
    "Template": "Template",
    "NoPDFtemplateTitle": "No Template Assigned for Task Status",
    "SelectTemplate": "Select Report Template",
    "NoPDFtemplateMsg": "There is no Task PDF Report Template assigned to the current Task Status",
    "OkButton": "OK",
    "CancelButton": "Cancel",
    "SaveTaskCompletionReport": "Save Report(s)",
    "SendReportTitle": "Send Task PDF Report(s) to Recipient(s)",
    "YesButton": "Yes",
    "NoButton": "No",
    "SendReportMsg": "Would you like to send the Task PDF report(s) to the recipient(s)?",
    "TaskStatusChangedTitleMsg": "Error - Task Status Changed",
    "TaskPropertyChangedTitleMsg": "Warning: Task Details Have Changed",
    "TaskStatusChangedMsg": "An error occurred because Task Status was changed.",
    "CloseButton": "Close",
    "ServerError": "There was an error during the report generation <br/>Please contact your system administrator.",
    "StopProssesQuwestion": "Are you sure you want to abort the process?",
    "StopProcessTitle": "Stop Process",
    "ProgressStatusTitle": "Enable Feature for Multiple Tenants - Progress Status",
    "BooleanToDisplayTrue": "True",
    "BooleanToDisplayFalse": "False",
    "AddToContractorNetwork": "Add Contractor to Network",
    "Close": "Cancel",
    "Connect": "Add to Service Network",
    "TenantName": "Contractor Campany Name",
    "RelatedContactName_SO": "Service Provider Contact Name",
    "RelatedContactEmail_SO": "Service Provider Email",
    "OtherSideContactName_SO": "Contractor Contact Name",
    "OtherSideContactEmail_SO": " Contractor Email",
    "ModalTitle": "Add Contractor to Service Network",
    "ContractorPopapHearder": "Contractor System Creation is in Process",
    "ContractorPopapText": "Please notice the Tasks scheduled to the Contractor will be sent to the Contractor system only when the Contractor system creation is completed and Connection Status is ‘Active’.",

    "permanent": "Default",

    "every": "Every",

    "sun": "Sunday",
    "mon": "Monday",
    "tue": "Tuesday",
    "wed": "Wednesday",
    "thu": "Thursday",
    "fri": "Friday",
    "sat": "Saturday",
    "fileTooLong": "This file is too large to be presented",

    "BulkEditing": "Bulk Editing",
    "SelectLabel": "Select the properties you want to edit for the selected <b class='bold'>{0} objects.</b>",
    "NoSelectedFields": "No selected fields",
    "BulkEditingSearchText": "Search Fields",
    "Clear": "Clear",
    "summary": " Selected properties - ",
    "BulkErrorHeaderText": "Bulk Editing Status",
    "closeButton": "Close",
    "exportButton": "Export Details",
    "textError": "<b>{0} out of {1}</b> objects could not be updated. Click the Export Details button to view the bulk editing results.",
    "ValidateLabel": "Fix all errors before saving",
    "headerFileExport": "Bulk Update Error List.csv",
    "childDdString": "Select {0} first",
    "emptyValueWarning": "Leave blank to delete the “{0}” value from all the selected objects",
    "errorMessage": "Error Message \n"


}
