﻿{
    "Complete": "Complete",
    "dropHere": "Drop a file here",
    "selectFile": "Select a file",
    "new": "New",
    "clickLinkString": "Click the link to download file: ",
    "downloadFile": "Download package",
    "uploadFile": "Upload package",
    "orClickSelectFile": "or select a file from your computer",
    "helpBoxString": "Packages should be in a zip format and not bigger than 150MB.",
    "KB": "KB",
    "MB": "MB",
    "InvalideFileMessege": "Not a valid file; the file should be in zip format",
    "InvalideFileMessegeHeader": "Invalid file",
    "OKButton": "OK",
    "validationText": "This is a mandatory field!"


}
