﻿{
  "headerText": "My Profile",
  "administration": "Administration",
  "description": "Set your preferences",
  "language": "Language",
  "accessibility": "Accessibility",
  "accessibilityMode": "Accessibility Mode",
  "ApplyButton": "Apply",
  "CancelButton": "Cancel",
  "colorBlind": "Color Blind",
  "IAmColorBlind": "I am color blind",
  "validationMessage": "You forgot to choose a level",
  "units": "Units",
  "chooseMetricUnit": "Choose a unit for distances:",
  "Km": "KM",
  "mile": "Mile",
  "locale": "Locale",
  "Impresionate": "Access",
  "AllowImpersonation": "Grant access",
  "oneDay": "1 Day",
  "threeDays": "3 Days",
  "oneWeek": "Week",
  "month": "month",
  "current": "(current)",
  "notDefined": "Not defined"
}
