﻿{
  "alternativeRecurrenceNAView1": "There are recurrence series exist for this assignment already.",
  "alternativeRecurrenceNAView2": "Please consider to delete the series and create new recurrence series.",
  "April": "April",
  "August": "August",
  "Cancel": "Cancel",
  "confirmSeriesDelete": "Delete past, current and future NAs (whole series)",
  "confirmSingleDelete": "Delete current NA",
  "confirmSingleFutureDelete": "Delete current and future NAs",
  "Day": "Day",
  "days": "day(s)",
  "DaysOnWeekMandatoryString": "You must select at least one day.",
  "December": "December",
  "Duration": "Duration",
  "eighteenhours": "18 hours",
  "eighthours": "8 hours",
  "elevenhours": "11 hours",
  "End": "End",
  "endafter": "End after",
  "endby": "End by",
  "Every": "Every",
  "EveryDay": "Every day",
  "February": "February",
  "first": "first",
  "fivehours": "5 hours",
  "for": "For",
  "fourhours": "4 hours",
  "fourth": "fourth",
  "Fri": "Fri",
  "Friday": "Friday",
  "From": "From",
  "halfday": "0.5 day",
  "January": "January",
  "July": "July",
  "June": "June",
  "last": "last",
  "March": "March",
  "May": "May",
  "Mon": "Mon",
  "Monday": "Monday",
  "Month": "Month",
  "months": "month(s)",
  "ninehours": "9 hours",
  "No": "No",
  "NotDefined": "Not Defined",
  "November": "November",
  "October": "October",
  "of": "of",
  "ofevery": "of every",
  "oneday": "1 day",
  "onehour": "1 hour",
  "onemin": "1 minutes",
  "oneweek": "1 week",
  "Onthe": "On the",
  "reccuringTypeDaily": "Daily",
  "reccuringTypeMonthly": "Monthly",
  "reccuringTypeWeekly": "Weekly",
  "reccuringTypeYearly": "Yearly",
  "recurrence": "Recurrence",
  "recurrenceOcurrences": "occurrences",
  "recurrenceRangeTitle": "Range of recurrence",
  "RecurrenceTaskUpdateWarning": "Do you want to update all future tasks that are part of this series? \n Clicking 'No' will update only the current task.",

  "recurrentNA": "Recurrent NA",
  "RecurrEvery": "Recur every",
  "recurringAfter": "After",
  "recurringBy": "By",
  "recurringEnd": "End Date",
  "recurringEveryDay": "Every day",
  "recurringEveryWeekday": "Every weekday",
  "recurringOn": "On",
  "recurringOnDay": "day",
  "recurringOnFirst": "First",
  "recurringStart": "Start Date",
  "Sat": "Sat",
  "Saturday": "Saturday",
  "second": "second",
  "September": "September",
  "sevenhours": "7 hours",
  "sixhours": "6 hours",
  "Start": "Start",
  "Sun": "Sun",
  "Sunday": "Sunday",
  "TaskUpdateCaption": "Task Update",
  "tenhours": "10 hours",
  "The": "The",
  "third": "third",
  "thirtymins": "30 minutes",
  "threedays": "3 days",
  "threehours": "3 hours",
  "Thu": "Thu",
  "Thursday": "Thursday",
  "To": "To",
  "totalDaysNumber": "Total number of Days",
  "Tue": "Tue",
  "Tuesday": "Tuesday",
  "twodays": "2 days",
  "twohours": "2 hours",
  "twoweeks": "2 weeks",
  "Wed": "Wed",
  "Wednesday": "Wednesday",
  "Week": "week(s)",
  "weekday": "weekday",
  "weekend": "weekend day",
  "WeeklyWeeks": "week(s) on",
  "WorkDay": "Work day",
  "Years": "Year(s)",
  "yearsSmall": "year(s)",
  "Yes": "Yes",
  "dayOfWeek_Sun": "Sunday",
  "dayOfWeek_Mon": "Monday",
  "dayOfWeek_Tue": "Tuesday",
  "dayOfWeek_Wed": "Wednesday",
  "dayOfWeek_Thu": "Thursday",
  "dayOfWeek_Fri": "Friday",
  "dayOfWeek_Sat": "Saturday",

  "dayOfWeek_First": "First",
  "dayOfWeek_Second": "Second",
  "dayOfWeek_Third": "Third",
  "dayOfWeek_Forth": "Forth",
  "last": "Last",

  "reccurnceTimePeriod": "Recurrence",
  "weekly": "Weekly",
  "monthly": "Monthly",
  "yearly": "Yearly",

  "Sun": "S",
  "Mon": "M",
  "Tue": "T",
  "Wed": "W",
  "Thu": "T",
  "Fri": "F",
  "Sat": "S",
  "RecurrEvery": "Recur every",
  "WeekOn": "week(s) on",

  "EndAfter": "End after",
  "Occurrences": "occurrence(s)",

  "Start": "Start",
  "EndBy": "End by",


  "day": "Day",
  "ofEvery": "of every",
  "months": "month(s)",

  "the": "The",
  "for": "For",
  "days": "day(s)"
}
