﻿{
  "reccuringTypeDaily": "Daily",
  "reccuringTypeMonthly": "Monthly",
  "reccuringTypeWeekly": "Weekly",
  "recurringStart": "Start Date:",
  "recurringEnd": "End Date:",
  "recurringBy": "By",
  "recurringAfter": "After",
  "recurrenceOcurrences": "occurrences",
  "Month": "month(s)",
  "Week": "week(s)",
  "Day": "day(s)",
  "recurringEvery": "Every:",
  "recurringOn": "On:",
  "recurringOnDay": "day",
  "recurringOnFirst": "First",
  "WorkDay": "Work day",
  "EveryDay": "Every day",
  "for": "For:",
  "DaysOnWeekMandatoryString": "You must select at least one day.",
  "NotDefined": "Not Defined",
  "TaskUpdateCaption": "Task Update",
  "RecurrenceTaskUpdateWarning": "Do you want to update all future Tasks that are part of this series? \n Clicking 'No' will update only the current Task.",
  "Yes": "Yes",
  "No": "No",
  "Cancel": "Cancel"


}
