﻿{
    "btnRelocate": "Relocate",
    "btnCancel": "Cancel",
    "mapControlDistrictDefaultLocation": "District default location",
    "mapControlResourceDefaultLocation": "Resource default location",
    "mapControlChosenAdressLabel": "Current address: ",
    "mapControlAdressPickerBack": "Please enter the address or click the map",
    "mapControlUnableToResolve": "Unable to resolve the address. Please specify the location",
    "mapControlError": "Error occured while resolving address.",
    "mapControlNoDistrict": "Relocation district has not yet been specified.",
    "mapControlFindAddressButton": "Find",
    "relocateResourceStep1": "Choose the resource(s) you want to relocate and the relocation time period",
    "relocateResourceStep2": "Choose the district to which you want to relocate the resource(s)",
    "relocateResourceStep3": "Define the location to assign as the resource’s homebase during the relocation period",
    "relocateResourceSearchStringDefault": "Search domain...",
    "relocateResourceStep4": "Please verify that all data is correct and ready for relocation",
    "relocateResourceStep1Step": "Step 1: ",
    "relocateResourceStep2Step": "Step 2: ",
    "relocateResourceStep3Step": "Step 3: ",
    "relocateResourceStep4Step": "Step 4: ",
    "relocateResourceStartLabel": "Start",
    "relocateResourceFinishLabel": "Finish",
    "relocateResourceMvLabel": "Resources",
    "relocateResourceTargetDistrict": "Target District:",
    "relocateResourceTabLabel1": "Time and Resources",
    "relocateResourceTabLabel2": "Target Domain",
    "relocateResourceTabLabel3": "Location",
    "relocateResourceTabLabel4": "Summary",
    "relocateResourceWarningTab1": "* You have chosen a relocated resource, please select another resource.",
    "relocateResourceTitle": "Relocate Resource",
    "summaryTabTitle": "Following resources will be relocated:",
    "summaryTabResourcesHeadingCollapsed": "Press to expand...",
    "summaryTabResourcesHeadingExpanded": "Press to collapse...",
    "summaryTabDistrictTitle": "To the district:",
    "summaryTabPeriodTitle": "Relocation period:",
    "customPanelEditRelocationHeader": "Relocation",
    "customPanelEditRelocationTimeChangedWarning": "It is not allowed to change the time of the relocation!",

    "tittle": "Relocate Resource",
    "who": "Who",
    "when": "When",
    "where": "Where",
    "homebase": "Home Base",
    "summery": "Summary",

    "chooseResources": "Choose Resource",
    "resourceHombase": "Home Base",
    "Labels": "Set default locations",
    "districtDefaultLocation": "District default location",
    "resourceDefaultLocation": "Resource(s) default location",
    "setAsResourceHomebase": "Set as resource home base",
    "allResources": "All",
    "mapControlUnableToResolve": "Unable to resolve the address. Please specify the location",
    "noNavigationDefault": "Cannot set default district as home base",

    "headerName": "Name",
    "headerID": "ID",
    "headerDistrict": "District",

    "erroeSelectingRelocatedResources": "One or more of the selected resources is a relocated resource.",
    "erroMandatoryRelocatedResources": "No resources selected",
    "erroMaxExceededRelocatedResources": "More than 20 resources selected",
    "erroeSelectingContractor": "One or more of the selected resources is a contractor.",

    "relocationTimePeriod": "Relocation Period",
    "errorEmptyDate": "Invalid or empty date",
    "errorStartBeforeFinish": "Start date must precede finish date",
    "errorDateInThePast": "Date must be in the future",
    "errorRecurrenceRange": "Date range exceeds 3 years",
    "multipleOrigins": "Multiple Origins",
    "Resources": "Resources",
    "errorInNavtreeLocation": "Failed to retrieve the default navigation tree location",
    "targetDistrictError": "No target district selected",
    "RelocationError": "Relocation Error",

    "dayOfWeek_Sun": "Sunday",
    "dayOfWeek_Mon": "Monday",
    "dayOfWeek_Tue": "Tuesday",
    "dayOfWeek_Wed": "Wednesday",
    "dayOfWeek_Thu": "Thursday",
    "dayOfWeek_Fri": "Friday",
    "dayOfWeek_Sat": "Saturday",

    "dayOfWeek_First": "First",
    "dayOfWeek_Second": "Second",
    "dayOfWeek_Third": "Third",
    "dayOfWeek_Forth": "Forth",
    "last": "Last",

    "months_Jan": "January",
    "months_Feb": "February",
    "months_Mar": "March",
    "months_Apr": "April",
    "months_May": "May",
    "months_Jun": "June",
    "months_Jul": "July",
    "months_Aug": "August",
    "months_Sep": "September",
    "months_Oct": "October",
    "months_Nov": "November",
    "months_Dec": "December",

    "for_FullMonth": "Full month",
    "for_FullYear": "Full year",

    "reccurnceTimePeriod": "Recurrence",
    "weekly": "Weekly",
    "monthly": "Monthly",
    "yearly": "Yearly",

    "Sun": "S",
    "Mon": "M",
    "Tue": "T",
    "Wed": "W",
    "Thu": "T",
    "Fri": "F",
    "Sat": "S",
    "RecurrEvery": "Recur every",
    "WeekOn": "week(s) on",

    "EndAfter": "End after",
    "Occurrences": "occurrence(s)",

    "Start": "Start",
    "EndBy": "End by",
    "DeleteHeader": "Delete Relocation",
    "confirmSingleDelete": "Delete occurrence",
    "confirmSeriesDelete": "Delete series",
    "RemoveTasksMessage": "Are you sure you want to delete the selected relocation?",
    "RemoveCrewRelocationMessage": "Are you sure you want to delete the selected crew relocation?<br><br> Note that after canceling the relocation, no crew members are allocated to the crew for the relocation period.",
    "AreYouSureMessage": "Are you sure you want to proceed?",
    "btnDelete": "Delete",

    "day": "Day",
    "ofEvery": "of every",
    "months": "month(s)",

    "the": "The",
    "for": "For",
    "days": "day(s)",
    "editSeries": "Edit Series",
    "EditHeader": "Edit Relocation",
    "confirmSingleEdit": "Edit occurrence",
    "confirmSeriesEdit": "Edit series",
    "btnEdit": "Edit",
    "btnOk": "OK",


    "errorNoDaySelected": "No day selected",
    "todaySelected": "Start date is set for today, relocation may affect scheduled tasks.",
    "CancelAllRelocationsHeader": "Cancel All Relocations",
    "CancelAllRelocationsBody": "The selected resource has {0} relocation(s).<br> All relocations defined for the resource will be deleted.",

    "CancelAllRelocationsNoneBody": "The selected resource has no relocations.",
    "FinishTime": "Finish Time"

}
