﻿{
    "CalendarRule_1": "Assignments should start within a Resource’s {working_start_time},",
    "CalendarRule_2": "Assignments should finish within {working_finish_time}.",
    "CalendarRule_3": "Ensure Resource works at least {duration} during Working Time before entering into Optional Time.",

    "ResourceAvailabilityRule": "Do not schedule more than one assignment to the same resource at the same time.",

    "TravelTimeAndLunchBreakRule_1": "For Relevance Group- ‘{relevance_group}’,",
    "TravelTimeAndLunchBreakRule_2": "Create a {fixed_gap} ",
    "TravelTimeAndLunchBreakRule_3": "{fixed_gap_duration}.",

    "TravelTimeAndLunchBreakRule_4": "{travel_time_gaps} between Assignments ensuring a minimum of ",
    "TravelTimeAndLunchBreakRule_6": "{Minimal_travel_time_gap}.",
    "TravelTimeAndLunchBreakRule_7": "{check_travel_from_home}",
    "TravelTimeAndLunchBreakRule_8": "{check_travel_to_home}",
    "TravelTimeAndLunchBreakRule_9": "Resource Calendar is taken from property ‘Calendar’.",
    "TravelTimeAndLunchBreakRule_10": "Resource Calendar is taken from property ‘Calendar’ and Calendar end of day {includes} optional hours.",
    "TravelTimeAndLunchBreakRule_11": "{use_aerial_distance} aerial distance for Travel Time Calculations ",
    "TravelTimeAndLunchBreakRule_12": "{use_resource_real_time_location} Engineer’s real time location",
    "TravelTimeAndLunchBreakRule_13": "Assume Engineers are at their home base ‘{automatic_periodic}’. ",
    "TravelTimeAndLunchBreakRule_14": "Assume Engineers are in their home base ‘{periodic_resolution}’",
    "TravelTimeAndLunchBreakRule_15": "at ‘{periodic_start_time}’",
    "TravelTimeAndLunchBreakRule_16": "Assume Engineers are in their home base ‘{periodic_week_day}’",
    "TravelTimeAndLunchBreakRule_17": " on ‘{periodic_start_time}’",
    "TravelTimeAndLunchBreakRule_18": "at ‘{periodic_start_time}’",
    "TravelTimeAndLunchBreakRule_19": "A {add_break}",
    "TravelTimeAndLunchBreakRule_20": "No need to assign specific lunch break.",
    "TravelTimeAndLunchBreakRule_21": "with a duration of {break_duration}.",
    "TravelTimeAndLunchBreakRule_22": "{break_by_working_day_start} ",
    "TravelTimeAndLunchBreakRule_23": "at the first available time after {break_start_hour}.",
    "TravelTimeAndLunchBreakRule_24": "to be after ’Calendar Start’ plus {break_relative_to_working_day_start}.",


    "ResourceMatchConstantRule_1": "For Relevance Group- ‘{relevance_group}’:",
    "ResourceMatchConstantRule_2": "Engineer property {match_condition_expression}.",
    "ResourceMatchConstantRule_3": "Empty values will be {considered} a rule violation.",

    "TaskMatchConstantRule_1": "For Relevance Group- ‘{relevance_group}’:",
    "TaskMatchConstantRule_2": "Task property {match_condition_expression}.",
    "TaskMatchConstantRule_3": "Empty values will be {considered} a rule violation.",

    "AssignmentTimeRule_1": "For Relevance group- ‘{relevance_group}’",
    "AssignmentTimeRule_2": "Ensure the Assignment Start is {assignment_start}",
    "AssignmentTimeRule_3": "{before_or_equal_to}",
    "AssignmentTimeRule_4": " the {object_type}.",
    "AssignmentTimeRule_5": "Allow flexibility of {minutes} before the rule is violated.",
    "AssignmentTimeRule_8": "If the ‘{object_property}’ property is empty," ,
    "AssignmentTimeRule_6":  "the rule is {never_violate}.",
    "AssignmentTimeRule_7": "Support Time Zone conversion.",
    "AssignmentTimeRule_9": "{before_or_equal}",

    "TaskDueDate": "Ensure the assignment is scheduled to finish at or before the task’s due date property. If the task’s due date property is not set, the rule is {never_violate}.",

    "TaskLateStart": "Ensure the assignment is scheduled to start at or before the task’s late start property. If the task’s late start property is not set, the rule is {never_violate}.",

    "TaskEarlyStart": "Ensure the assignment is scheduled to start on or after the task’s early start property. If the task’s early start property is not set, the rule is {never_violate}.",

    "resourceTaskMatchRule_1": "For Relevance Group- ‘{relevance_group}’:",
    "resourceTaskMatchRule_2": "{match_condition_expression}",

    "organizationStructure_1": "Ensure tasks are assigned to resources in the same {match_condition_expression}.",

    "DurationRule_1": "Assignment Start plus Assignment Duration equals to Assignment Finish. {consider} Efficiency when calculating assignment duration",
    "DurationRule_2": "{Allow} assignments spanning overnight",
    "DurationRule_3": "for Tasks with duration longer than 5h",
    "DurationRule_4": "Do not span assignment in separate periods for a duration shorter than {30 Minutes}.",

    "limitTravelFromHomeBaseRule_1": "For Relevance group ‘{relevance_group}’",
    "limitTravelFromHomeBaseRule_2": "Limit travel from resource home base to Engineer.MaxDistanceFromHB.",
    "limitTravelFromHomeBaseRule_3": "If maximum distance is not defined for the Resource, use a default value of {miles}.",

    "systemCurrentTimeRule_1": "Schedule from now with {offset_time} offset ",
    "systemCurrentTimeRule_2": "{should_add} travel time from previous assignment.",
    "systemCurrentTimeRule_3": "If the time from previous assignment is longer than {time}, add the travel time from the home base location instead.",

    "AssignmentTimeDependencyRule": "Enforce sequential time dependencies for Multi Stage tasks.",
    "AssignmentResourceDependencyRule": "Enforce resource dependencies for Multi Stage tasks.",
    "ResourceShiftRule": "Ensure resources are scheduled only to Tasks, as defined in the shift Task group.",

    "contractorCapacityRule_1": "For Relevance Group- ‘{relevance_group}’:",
    "contractorCapacityRule_2": "Consider capacity limits when scheduling tasks to a contractor.",
    "contractorCapacityRule_3": " Allow over-capacity usage of {percentage}.",
    "contractorCapacityRule_4": "{will_be} tasks to a contractor ",
    "contractorCapacityRule_5": "starting today at {time} ",
    "contractorCapacityRule_6": "for the next {days} day(s),",
    "contractorCapacityRule_7": "with no time constraints.", 
    "appointmentWindowStartRule": "Ensure the assignment is scheduled to start on or after the appointment window start.",
    "appointmentWindowEndRule": "Ensure the assignment is scheduled to start on or before the appointment window finish.",

    "crewAllocationRule_1": "Ensure individual resources are not assigned to work while being allocated to crews.",
    "crewAllocationRule_2": "When individual resources are allocated to a crew for part of the day, {allow} schedule in the remaining time of the day.",

    "relocationAllocationRule_1": "Assign relocated Resources with Tasks only in the relocated area.",

    "assignmentDurationRule": "Assignment Start and Finish time must be calculated according to the Task’s required Duration.",

    "matchNumberOfRequiredEngineers": "Number of assigned resources must match the number of required resources which should be always equal to one.",

    "matchResourceSkillsRule_1": "For Relevance Group- '{relevance_group}'",
    "matchResourceSkillsRule_2": "Ensure the Resource has the required {Skills},",
    "matchResourceSkillsRule_3": "{Consider}.",
    "matchResourceSkillsRule_4": "The task can be scheduled to any resource if there are no required skills.",

    "taskIndexRule": "Load Tasks for Schedule Idle Resource according to Task Index Definitions.",

    "IndexRule": "System Index Rule - used in order to Get Candidate Resources.",

    "oneAssignmentPerTaskRule": "One Assignment Per Task",
    "Km": "KM",
    "Mile": "Miles", 

    "CapacityLimitRule": "Ensure that Tasks assigned to Capacity Streams do not exceed the Capacity Limit duration"



}
