﻿{
  "NewObject": "Add Collection",
  "FilterOptions": "Filter Options",
  "PredefinedFilter_All": "All",
  "PredefinedFilter_BusinessObjects": "Business Objects",
  "PredefinedFilter_Dictionaries": "Dictionaries",
  "PredefinedFilter_Rules": "Rules",
  "PredefinedFilter_Objectives": "Objectives",
  "PredefinedFilter_Settings": "Settings",
  "PredefinedFilter_UserSettings": "User Settings",

  "SearchPlaceholder": "Search collections...",
  "RecentlyViewed": "Recently Viewed",
  "ObjectsListTitle": "Collections",
  "SelectObjectDescription": "Select an object from the object browser on the left side",

  "CollectionTypeDictionary": "Dictionary",
  "CollectionTypeBusinessObject": "Business Object",
  "CollectionTypeRuleConfiguration": "Rule",
  "CollectionTypeObjectiveConfiguration": "Objective",
  "CollectionTypeSettingsConfiguration": "Setting",
  "CollectionTypeUserSettingsConfiguration": "User Setting",

  "ObjectInfoIDHeader": "ID:",
  "ObjectInfoTabNameProperties": "Properties",
  "ObjectInfoTabNameIndexes": "Indexes",
  "ObjectInfoTabNameOverview": "Information",
  "ObjectInfoTabNameAudit": "Audit",
  "ObjectActionDelete": "Delete",
  "ObjectActionUpdate": "Edit",

  "AddPropertyButtonHeader": "Add Property",
  "FilterProperties": "Filter properties...",
  "PropertyColumnName": "Name",
  "PropertyColumnID": "ID",
  "PropertyColumnType": "Type",
  "PropertyColumnInfo": "Info",

  "AddMVPropertyButtonHeader": "Add Property",
  "MultiValuePropertyColumnName": "Name",
  "MultiValuePropertyColumnID": "ID",
  "MultiValuePropertyColumnType": "Type",
  "MultiValuePropertyColumnInfo": "Info",

  "AddIndexButtonHeader": "Add Index",
  "IndexColumnName": "Name",
  "IndexColumnID": "ID",
  "IndexColumnContext": "Context",
  "FilterIndexes": "Filter indexes...",

  "AddCollectionHeader": "Add Collection",
  "EditCollectionHeader": "Edit Collection",
  "ChooseCollectionType": "Choose collection type:",
  "BusinessObjectTypeDescription": "Object is used for dynamic data",
  "DictionaryTypeDescription": "Dictionary is used for static data",
  "CollectionNameLabel": "Name:",
  "EnterCollectionName": "Enter name...",
  "CollectionStringIdentifier": "String Identifier:",
  "StringIdentifierAsUnique": "String identifier uniqueness",
  "MarkCollectionAsCached": "Cached",
  "CollectionCachedDescription": "Recommended when the collection contains small quantities of data and is not subject to massive and ongoing changes.",
  "AddCollectionCancel": "Cancel",
  "AddCollectionSave": "Save",

  "PropertyInfoRelatedTo": "Related to ",
  "PropertyInfoLengthSize": "Length: ",
  "PropertyInfoLengthUnlimited": "Length: Unlimited",
  "PropertyInfoTypeOf": "Type of ",
  "PropertyInfoZeroSeconds": "Zero Seconds",
  "PropertyInfoIdentifier": "Identifier: ",
  "PropertyInfoParentChild": "Child of ",
  "PropertyInfoEnforceUniqueness": "Enforce Uniqueness",
  "PropertyInfoReferenceTo": "To ",
  "PropertyInfoUnique": "Unique",

  "PropertyTypeAggregate": "Aggregate",
  "PropertyTypeKey": "Key",
  "PropertyTypeString": "String",
  "PropertyTypeDate": "Date",
  "PropertyTypeDuration": "Duration",
  "PropertyTypeMultivalue": "Multivalue",
  "PropertyTypeLong": "Long",
  "PropertyTypeBoolean": "Boolean",
  "PropertyTypeDouble": "Double",
  "PropertyTypeRelative": "Relative Time",
  "PropertyTypeReference": "Reference",
  "PropertyTypeUnknown": "Unknown",

  "PropertyReferenceTypeObject": "Object",
  "PropertyReferenceTypeProperty": "Property",
  "PropertyReferenceTypeIndex": "Index",

  "ValidationFieldMandatory": "Field is mandatory",
  "ValidationFieldNamePattern": "Can contain only letters, numbers and underscore",
  "ValidationFieldStartWithLetter": "Must start with a letter",
  "ValidationFieldNameMaxLength": "Cannot be longer than {0} characters",
  "ValidationFieldNameSavedWords": "Cannot start with a reserved word",
  "ValidationFieldNameExists": "Name already exists",
  "ValidationMultiValueOnePropertyMust": "You must add at least one property",
  "ValidationAddIndexOnePropertyMust": "You must add at least one property",
  "ValidationAddIndexAlreadyExists": "Index already exists",
  "ValidationServerErrorNameAlreadyExists": "Name already exists in other object type.",
  "ValidationAddAuditOnePropertyMust": "You must add at least one property",
  "ValidationAddAuditAlreadyExists": "Audit property already exists",

  "AddPropertyTooltip": "Add Property",
  "EditPropertyTooltip": "Edit Property",
  "DeletePropertyTooltip": "Delete Property",
  "EditIndexTooltip": "Edit Index",
  "DeleteIndexTooltip": "Delete Index",
  "BasicText": "Basic",
  "BasicColumnValue": "Yes",
  "BasicTooltip": "Properties that can be used in forms, not for operations requiring filtering, sorting or searching.",

  "AddPropertyHeader": "Add Property",
  "EditPropertyHeader": "Edit Property",
  "EnterPropertyName": "Enter a property name...",
  "AddPropertyTypeHeader": "Select the data type of the new property:",
  "AddPropertyAttributesHeader": "Property Attributes",
  "AddPropertyNameLabel": "Name:",
  "AddPropertyEnforceUniqueness": "Enforce multivalue uniqueness",
  "AddPropertyStringLength": "Maximum Length:",
  "StringLengthUnlimited": "Unlimited",
  "AddPropertyRelatedTo": "Related to:",
  "AddPropertyStringIdentifier": "String Identifier:",
  "AddPropertyZeroSeconds": "Zero Seconds",
  "AddPropertyZeroSecondsDescription": "The time is stored without seconds",
  "AddPropertyParentChild": "This is a parent-child relationship",
  "AddPropertyReferenceType": "Reference to:",
  "AddPropertyMultiValueHeader": "Nested Properties:",
  "AddMultiValuePropertyButton": "Add Property",
  "AddPropertyIsUnique": "Unique",
  "AddPropertyIsUniqueDescription": "The property will be unique",
  "AddPropertyBasic": "Basic",
  "AddPropertyBasicDescription": "Properties that can be used in forms, not for operations requiring filtering, sorting or searching.",
  "AddPropertyCancel": "Cancel",
  "AddPropertySave": "Save",
  "AddPropertyButton": "Add",

  "DeleteObjectHeader": "Delete",
  "DeleteObjectButton": "Delete",
  "DeleteObjectCancel": "Cancel",
  "DeleteObjectNotification": "Are you sure you want to delete '{0}' collection?",
  "DeleteObjectErrorTitle": "Delete - Error",


  "DeletePropertyHeader": "Delete",
  "DeletePropertyButton": "Delete",
  "DeletePropertyCancel": "Cancel",
  "DeletePropertyNotification": "Are you sure you want to delete '{0}' property?",
  "DeletePropertyErrorTitle": "Delete - Error",

  "DeleteIndexHeader": "Delete",
  "DeleteIndexButton": "Delete",
  "DeleteIndexCancel": "Cancel",
  "DeleteIndexNotification": "Are you sure you want to delete '{0}' index?",
  "DeleteIndexErrorTitle": "Delete - Error",

  "PropertyKeyTypeDescription": "The key of another object. This data type means that the property points to a dictionary item or a business object. Example: the Assignment.Task contains the key of a Task object. A key property is called a reference. Thus, the Assignment.Task property references a Task.",
  "PropertyStringTypeDescription": "A text value. Example: 'AaBbCc'",
  "PropertyDateTypeDescription": "A date and time. This data type represents an absolute time. Example: January 31, 2005 at 09:00",
  "PropertyDurationTypeDescription": "A period of time, in seconds. This data type represents the length of a time interval. Example: 3600 seconds",
  "PropertyMultiValueTypeDescription": "A property that contains a list of zero, one, or more values, whose elements have the same data type. Example: in an Engineer object, a list of engineer skills",
  "PropertyLongTypeDescription": "A 4-byte integer. Example: 3925",
  "PropertyBooleanTypeDescription": "A True / False property",
  "PropertyDoubleTypeDescription": "A floating-point number. Example: 42.04194",
  "PropertyRelativeTimeTypeDescription": "A time, in seconds, that is relative to the start of a predefined period. This data type represents a time of the day or the week. Example: Every day at 09:00 or Every Monday at 15:30",
  "PropertyReferenceTypeDescription": "A reference to an object, property or index",

  "AddIndexHeader": "Add Index",
  "EditIndexHeader": "Edit Index",
  "AddIndexDescription": "A server-memory index enables fast searching on the selected properties",
  "AddIndexPropertiesHeader": "Properties",
  "AddIndexSelectedProperties": "Indexed Properties",
  "AddIndexSearchText": "Search property by name...",
  "AddIndexCancel": "Cancel",
  "AddIndexSave": "Save",
  "AddIndexSelectedPropertiesDescription": "Drag properties from the list on the left to create an index.",

  "AddAuditPropertyHeader": "Add Audit Property",
  "AddAuditPropertyDescription": "Selected Properties will be audited",
  "AddAuditPropertiesHeader": "Properties",
  "AddAuditSelectedProperties": "Audited Properties",
  "AddAuditSearchText": "Search property by name...",
  "AddAuditCancel": "Cancel",
  "AddAuditSave": "Save",
  "AddAuditSelectedPropertiesDescription": "Drag properties from the list on the left to audit.",

  "MessageBoxOKButton": "OK",

  "OverviewNameLabel": "Name",
  "OverviewIDLabel": "ID",
  "OverviewTypeLabel": "Type",
  "OverviewStringIdentifierLabel": "String Identifier",
  "OverviewStringIdentifierUnique": "(Unique)",
  "OverviewConvertorTypeLabel": "Convertor Type",
  "OverviewProgIDLabel": "Logic Type",
  "OverviewSettingOwnerLabel": "Owner",
  "OverviewSettingCategoryLabel": "Category",
  "OverviewSettingSubCategoryLabel": "Subcategory",
  "OverviewSettingNameLabel": "Setting Name",
  "OverviewCustomLabel": "User-defined",
  "OverviewCustomYesLabel": "Yes",
  "OverviewCustomNoLabel": "No",
  "OverviewCachedLabel": "Cached",
  "OverviewCachedYesLabel": "Yes",
  "OverviewCachedNoLabel": "No",

  "AddConfigCollectionHeader": "Add Configuration Collection",
  "EditConfigCollectionHeader": "Edit Configuration Collection",
  "AddConfigCollectionCancel": "Cancel",
  "AddConfigCollectionSave": "Save",
  "ChooseConfigCollectionType": "Choose configuration collection type:",
  "RuleTypeDescription": "Rule is a virtual collection that represents rules of a particular type",
  "ObjectiveTypeDescription": "Objective is a virtual collection that represents objectives of a particular type",
  "SettingsTypeDescription": "Setting is a virtual collection that represents settings with particular owner, category, subcategory and name",
  "UserSettingsTypeDescription": "User Setting is a virtual collection that represents user settings with particular owner, category, subcategory and name ",
  "AddConfigObjNameLabel": "Name:",
  "EnterConfigObjNamePlaceHolder": "Enter name...",
  "RuleObjectiveProgId": "Logic Type:",
  "SettingsOwner": "Owner:",
  "SettingsCategory": "Category:",
  "SettingsSubCategory": "Subcategory:",
  "SettingsName": "Settings Name:",
  "ConfigurationObjectConvertorProgId": "Convertor Type:",
  "ConfigurationObjectDefaultConvertorString": "Default",
  "SettingsFieldAnyValueDisplayString": "-All Values-",
  "Filters": "Filters",

  "AuditErrorMaxPropertiesLimitationTask": "You have exceeded the maximum number of {0} {1} properties.",
  "AuditErrorMaxPropertiesLimitation": "You have exceeded the maximum number of {0} properties.",
  "AuditErrorMaxPropertiesLimitationForMVAudit": "You have exceeded the maximum count of {0} audited properties by {1} properties of a multivalue.",
  "AuditErrorMaxPropertiesLimitationForMVAudit2": "You have exceeded the maximum count of {0} audited properties by {1} property of a multivalue.",
  "AuditErrorMaxCollectionLimitation": "You have exceeded the maximum number of {0} objects that can be audited concurrently.",
  "AuditErrorMaxCollectionLimitationTitle": "Maximum Limitation",
  "DeleteLastAuditPrperty": "This action will disable the audit of '{0}'. Are you sure you want to continue?",
  "DeleteWarning": "Warning",
  "Enabled": "Enabled",
  "Disabled": "Disabled",
  "AuditExportToggleText": "Export",
  "AuditExportErrorNoPropertySelectedTitle": "Property Error.",
  "AuditExportErrorNoPropertySelected": "Please define atleast one Audit Property on this business object, which could be exported.",
  "EnableAuditExport": "Enable Export",

  "MVAuditPopupTitle": "Error",
  "MVAuditPopupBody": "The audit of a business object is limited to 50 properties. By adding a new property you are exceeding this limit. To proceed, remove the audit of the multivalue and ensure the solution is within the limit.",
  "buttonClose": "Close",
  "EnableAuditOnObjectCreation": "Audit on Create",
  "AuditOnObjectCreateErrorNoPropertySelectedTitle": "Property Error",
  "AuditOnObjectCreateErrorNoPropertySelected": "Please define atleast one Audit Property on this business object, which could be audited."




}
