﻿{
    "SchedulingPolicy": "Schedule Policies",
    "Rules": "Rules",
    "Objectives": "Objectives",
    "ActiveRules": "Active Rules",
    "AllRules": "All Rules",
    "CustomRules": "Custom Rules",

    "RelevanceGroup": "Relevance Group",
    "RelevanceGroupIncludeEmptyAssignment": "Include empty assignment",
    "RelevanceGroupTasks": "Tasks",
    "RelevanceGroupEngs": "Resource",
    "RelevanceGroupAllResourcesMustBeInGroup": "All Resources must be in a group",
    "RelevanceGroupDetailes": "For '{0}' the following are already applicable:",
    "RelevanceGroupNoDetailes": "'{0}' is not applied to other objects.",

    "Apply": "Apply",

    "RuleTypes": "Add New Rule",
    "SelectRuleType": "Select rule type to add",
    "SchedulingPolicyDescription": "Edit Schedule Policies to meet business needs",
    "SelectObjectDescription": "Select a Schedule Policy from list on the left side and edit its rules & objectives",
    "deleteLogicDomain": "Delete Schedule Policy",
    "cloneLogicDomain": "Clone Schedule Policy",
    "renameLogicDomain": "Rename Schedule Policy",
    "editRuleName": "Edit rule name",
    "editRuleViolationText": "Edit rule violation text",
    "addRule": "Add Rule",


    "EmptyKeyValidation": "You must select a property with entries!",
    "EmptyDateValidation": "Date value cannot be empty!",
    "Property": "Property",
    "ShouldBe": "Should be",
    "Value": "Value",
    "Copy": " - Copy",
    "Delete": "Delete",
    "Cancel": "Cancel",
    "deletePromptTitle": "Delete Schedule Policy",
    "deletePromptBody": "Are you sure you want to delete the ‘{0}’ Schedule Policy?",
    "cantDeleteMessage": "Please save changes before deleting the Schedule Policy",
    "failedDuplicateSchedulePolicy": "Schedule policy duplication failed",
    "failedDeleteSchedulePolicy": "Schedule policy deletion failed",
    "RelevaneGroupTitle": "Relevance Group",
    "ChangeRelevanceGroupSelectionMessage": "If you select another Relevance Group, changes you made in the current one will be cancelled.\n Are you sure you want to continue?",
    "Yes": "Yes",
    "No": "No"
}
