{
  "ONBModuleTitle":"Setup",

  "ONBMenuGeneralSectionTitle":"General",
  "ONBMenuModulesSectionTitle":"Modules",
  "ONBMenuDataCenterSectionTitle":"Data Center",
  "ONBMenuGeneralSettingsLink":"General Settings",
  "ONBMenuDispatchCenterLink":"Dispatch Center",
  "ONBMenuCustomerEngagementLink":"Customer Engagement",
  "ONBMenuCalendarImportLink":"Calendar Import",

  "ONBMenuComplete":"complete",

  "ONB_GS_Title": "Welcome to Click Studio!",

  "ONB_DC_Title":"Dispatch Center",
  "ONB_DC_WorkingHoursLink":"Working Hours",
  "ONB_DC_StatusFlowLink":"Status flow",
  "ONB_DC_SLAMonitoringLink":"SLA monitoring",
  "ONB_DC_Analytics":"Analytics",
  "ONB_DC_AnalyticsHeader":"Analytics Setup",

  "ONB_DTC_Title":"Data Center",
  "ONB_DTC_Tabs_Import":"Import",
  "ONB_DTC_Steps_Subtitle": "The Data Center enables importing data from external files.<br>Currently the Data Center only supports importing calendar data in a .CSV file format.",
  "ONB_DTC_Steps_Btn_Start_Import": "Start Import",
  "ONB_DTC_Step_1_Header": "Step 1<br> Download Template",
  "ONB_DTC_Step_1_Description": "Download the data template.",
  "ONB_DTC_Step_2_Header": "Step 2<br> Fill & Upload",
  "ONB_DTC_Step_2_Description": "Enter the data into the template and upload the filled template back to the system.",
  "ONB_DTC_Step_3_Header": "Step 3<br> Check & Import",
  "ONB_DTC_Step_3_Description": "Check the uploaded data and import it.",
  "ONB_DTC_Upload_File_Step_Subtitle": "Download the template, fill in your data, and import the file to the system.",
  "ONB_DTC_Upload_File_Or": "or",
  "ONB_DTC_Upload_File_Drag_And_Drop": "DRAG & DROP",
  "ONB_DTC_Upload_File_Modal_Title": "File format error",
  "ONB_DTC_Upload_File_Invalid_Format": "Currently the Data Center only supports importing calendar data in a .CSV file format.",
  "ONB_DTC_Btn_Download_Template": "Download Template",
  "ONB_DTC_Btn_Import": "Import",
  "ONB_DTC_Btn_Select_File": "Select File",
  "ONB_DTC_Btn_Back": "Back",
  "ONB_DTC_Btn_Close": "Close",
  "ONB_DTC_Btn_Summary": "Summary",
  "ONB_DTC_Table_Review_Step_Subtitle": "Check your data before import.",
  "ONB_DTC_Table_Review_Records_Per_Page": "Records per page",
  "ONB_DTC_Table_Review_Rows_Out_of": "rows out of",
  "ONB_DTC_Progress_Step_Text": "Importing...",
  "ONB_DTC_Summary_Step_Subtitle_Success": "Import Completed!",
  "ONB_DTC_Summary_Step_Subtitle_Success_With_Error": "Import Completed with Errors!",
  "ONB_DTC_Summary_Step_Subtitle_Failed": "Import Failed!",
  "ONB_DTC_Summary_Step_Of": "of",
  "ONB_DTC_Summary_Step_Records_Imported": "records imported.",
  "ONB_DTC_Error_Maximum_Allowed_Numbers_Of_Records": "The file you are trying to import contains %rows% records. The maximum allowed number of records is %limit%. Reduce the number of records and try again",
  "ONB_DTC_Error_Limit_By_Date": "The file you are trying to import contains intervals that are too far ahead. The latest date you can import intervals is 6 months ahead. Change the intervals and try again.",
  "ONB_DTC_Error_Invalid_File": "Incorrect file format",

  "ONB_DC_AnalyticsSubtitle":"Dashboard Generation Time",
  "ONB_DC_AnalyticsSubtitle":"Utilization and Travel Distance Dashboards",
  "ONB_DC_AnalyticsSubtitle_Before_Change":"Utilization and Travel distance dashboards",
  "ONB_DC_AnalyticsAgentTime":"Select agent start time",
  "ONB_DC_AnalyticsText":"Set the time for executing the agent responsible for calculating Utilization and Travel Distance dashboards information.",
  "ONB_DC_AnalyticsText_Continue": "In addition, you can also change the Schedule policy used for these calculations.",
  "ONB_DC_AnalyticsText_Before_Change":"In this section you should set the time preference to execute the designate agent responsible to calculate data for Utilization and Travel Distance dashboards. In addition, you may change the Schedule policy that is used as part of such calculation.",
  "ONB_DC_AnalyticsTime":"Time",
  "ONB_DC_AnalyticsTimeZone":"Time zone",
  "ONB_DC_AnalyticsTimeZone_Before_Change":"Time Zone",
  "ONB_DC_AnalyticsEditStatus":"Edit Complete and Incomplete statuses",

  "ONB_SF_StatusDef":"Status Definition",
  "ONB_DC_AnalyticsSchedulePolicy":"Schedule policy",
  "ONB_DC_AnalyticsSchedulePolicy_Before_Change":"Schedule Policy",
  "ONB_DC_AnalyticsSelectSchedulePolicyTitle":"Select Schedule policy to be used during calculation",
  "ONB_DC_AnalyticsSelectSchedulePolicyTitle_Before_Change":"Select Schedule Policy to be used during calculation",
  "ONB_SF_StatusDefText":"Set up the statuses for the following task end-states: Complete and Incomplete.",
  "ONB_SF_StatusDefText_Continue":"Note that the status for Incomplete refers to the value \"Incomplete\".",
  "ONB_SF_StatusDefText_Before_Change":"In this section you are asked to determine the statuses for 2 end-states: Task Completion and Incompletion. The status for Incomplete refers to the value \"Incomplete\".",
  "ONB_SF_Complete":"Complete end-state",
  "ONB_SF_Complete_Before_Change":"Complete final-state",
  "ONB_SF_Incomplete":"Incomplete end-state",
  "ONB_SF_Incomplete_Before_Change":"Incomplete final-state",
  "ONB_SF_Message_Incomplete":"The Incomplete final state is not defined.",
  "ONB_SF_Continue_Message_Incomplete":"See the Dispatch Center Setup documentation for more information.",

  "ONB_SF_ModalTitleComplete":"Edit Complete Status Definition",
  "ONB_SF_ModalTitleIncomplete":"Edit Incomplete Status Definition",
  "ONB_SF_AllStatuses":"All Statuses",
  "ONB_SF_Edit":"Edit",
  "ONB_SF_Default":"Default",

  "ONB_GS_SubtitleYourEdition":"Your Edition",
  "ONB_GS_SubtitleYourModules":"Your Modules",

  "ONB_GS_Tabs_WorkingHours":"Working Hours",
  "ONB_GS_Tabs_StatusFlow":"Status Flow",
  "ONB_GS_Tabs_SLAMonitoring":"SLA Monitoring",
  "ONB_GS_NA":"Not available",
  "ONB_GS_Company":"Company",
  "ONB_GS_Industry":"Industry",
  "ONB_GS_NumberField":"Number of field resources",

  "ONB_WH_WorkingHoursProfiles":"Working hours profiles:",
  "ONB_WH_AddWorkingHoursProfiles":"Add new working hours profiles",

  "ONB_WH_WorkingHours":"Working hours",
  "ONB_WH_SetupIndividually":"Setup individually",
  "ONB_WH_OptionalTime":"Optional time",
  "ONB_WH_Allow":"Allow",
  "ONB_WH_MinutesOfOptionalTime":"minutes of optional time",

  "ONB_WH_TravelPolicy":"Travel policy",
  "ONB_WH_WorkingHoursStart":"Working hours start",
  "ONB_WH_WorkingHoursEnd":"Working hours end",
  "ONB_WH_AtThe":"At the",
  "ONB_WH_StartOfWorkingHoursAFieldResource":"of working hours, a field resource",

  "ONB_WH_StartsFirstTaskOfTheDay":"starts first task of the day",
  "ONB_WH_BeginsTravelToFirstTaskOfTheDay":"begins travel to first task of the day",
  "ONB_WH_BeginsUpTo":"begins up to",
  "ONB_WH_MinutesOfTravelTo":"minutes of travel to",
  "ONB_WH_FirstTaskOfTheDay":"first task of the day",

  "ONB_WH_FinishesLastTaskOfTheDay":"finishes last task of the day",
  "ONB_WH_FinishesTravelFromTheLastTaskOfTheDay":"finishes travel from the last task of the day",
  "ONB_WH_FinishesUpTo":"finishes up to",
  "ONB_WH_MinutesOfTravelFrom":"minutes of travel from",
  "ONB_WH_LastTaskOfTheDay":"last task of the day",


  "ONB_WH_LunchBreak":"Lunch break",
  "ONB_WH_LunchBreakIsRequired":"Lunch break is required",
  "ONB_WH_BreakDuration":"Break duration",
  "ONB_WH_Minutes":"minutes",
  "ONB_WH_BreakStartsAt":"Break starts at",
  "ONB_WH_SpecificTime":"specific time",
  "ONB_WH_Or":"or",
  "ONB_WH_TimeAfterDayStart":"time after day's start",

  "ONB_WH_HoursAfterDayStart":"hours after day's start",

  "ONB_SF_Subtitle":"Status flow",
  "ONB_SF_AckTitle":"Are the field resources expected <br> to acknowledge tasks they receive?",
  "ONB_SF_RejTitle":"Can the field resources reject <br> tasks they receive?",


  "ONB_SLA_Subtitle":"SLA Monitoring",
  "ONB_SLA_SubTabs_LateStartTravel":"Late start travel",
  "ONB_SLA_SubTabs_LateStartWork":"Late start work",
  "ONB_SLA_SubTabs_UnscheduledTasks":"Unscheduled tasks",
  "ONB_SLA_SubTabs_NewHigh-priorityTask":"New high-priority task",

  "ONB_SLA_HeadText_LateStartTravel":"What notification methods should be used when a field resource is late reporting travel to their next assignment?",
  "ONB_SLA_HeadText_LateStartWork":"What notification methods should be used when a field resource is late reporting work has started on their current assignment?",
  "ONB_SLA_HeadText_UnscheduledTasks":"What notification methods should be used when a task is due to begin(*) but is still unscheduled?",
  "ONB_SLA_HeadText_HeightPriorityTasks":"What notification methods should be used when a new high-priority task is created?",

  "ONB_SLA_HeadTextSmall_UnscheduledTasks":"(*) Due date or appointment start is approaching",

  "ONB_SLA_LABEL_PlaceInJeopardy":"Place in jeopardy",
  "ONB_SLA_LABEL_CreateServiceAlert":"Create service alert",
  "ONB_SLA_LABEL_EmailServiceManager":"Email service manager",
  "ONB_SLA_LABEL_ServiceManagerEmail":"Service Manager email",

  "ONB_SLA_If":"if",
  "ONB_SLA_IfTheTaskPriorityIs":"if the task priority is",
  "ONB_SLA_MinutesLateAndTheTaskPriorityIs":"minutes late and the task priority is",
  "ONB_SLA_HoursBeforeAndTheTaskPriorityIs":"hours before and the task priority is",
  "ONB_SLA_OrHigher":"or higher",


  "ONB_CEM_Title":"Customer Engagement",
  "ONB_CEM_Welcome":"Welcome",
  "ONB_CEM_LoginInfo":"To set up the Customer Engagement module you need to log in to the module.",
  "ONB_CEM_Login":"Login",
  "ONB_CEM_Password":"Password",
  "ONB_CEM_Continue":"Continue",
  "ONB_CEM_NeedHelp":"Need help?",
  "ONB_CEM_AllowTextTitle":"Customer Engagement Module allows you to",
  "ONB_CEM_AllowText":"Notify customer that appointment is scheduled <br>Verify appointment and let customer rebook online <br>Let customer view location of the mobile worker <br>Send satisfaction survey to the customer",
  "ONB_CEM_ExampleText":"Hello [Task.CustomerAccount], an appointment was set for you at [Task.AppointmentStart]",

  "ONB_CEM_Tabs_Summary":"Summary",
  "ONB_CEM_Tabs_Services":"Services",
  "ONB_CEM_Tabs_Branding":"Branding",
  "ONB_CEM_Tabs_Account":"Account",

  "ONB_CEM_LogOut":"Log out",

  "ONB_CEM_SelectedChannel":"Selected channel",
  "ONB_CEM_SMSMessagePreview":"SMS Message Preview",
  "ONB_CEM_Edit":"Edit",

  "ONB_CEM_Timing":"Timing",
  "ONB_CEM_ReplyOptions":"Reply options",

  "ONB_CEM_Navigation":"Navigation",
  "ONB_CEM_Survey":"Survey",
  "ONB_CEM_AppointmentVerification":"Appointment verification",
  "ONB_CEM_AppointmentConfirmation":"Appointment confirmation",

  "ONB_CEM_Branding_Subtitle":"Branding",
  "ONB_CEM_Branding_WebAppBrandingSettings":"WebApp branding settings",
  "ONB_CEM_Branding_Logo":"Logo",
  "ONB_CEM_Branding_Image":"image",
  "ONB_CEM_Branding_LogoPlaceholder":"Upload Image",
  "ONB_CEM_Branding_HouseIcon":"House icon:",
  "ONB_CEM_Branding_EngineerIcon":"Engineer icon:",
  "ONB_CEM_Branding_LabelShowTechnicianPhoto":"Show technician photo instead of icon",
  "ONB_CEM_Branding_SMSBrandingSettings":"SMS branding settings",
  "ONB_CEM_Branding_SourceNumber":"Source number",
  "ONB_CEM_Branding_EmailBrandingSettings":"Email branding settings",
  "ONB_CEM_Branding_EmailSource":"Email Source",
  "ONB_CEM_Branding_AvailableOnlyThenUsingTwilio":"Available only when using Twilio",

  "ONB_CEM_Navigation_OtherBrandingSettings":"Other branding settings",
  "ONB_CEM_Navigation_DemoAlertText":"System is working in demo mode.",
  "ONB_CEM_Navigation_Mode":"Mode",
  "ONB_CEM_Navigation_Demo":"Demo",
  "ONB_CEM_Navigation_DemoText":"The field resource location will be simulated",
  "ONB_CEM_Navigation_Production":"Production",
  "ONB_CEM_Navigation_ProductionText":"The field service location will be based on the information received from their mobile devices",


  "ONB_CEM_SubTabs_Confirmation":"Confirmation",
  "ONB_CEM_SubTabs_Verification":"Verification",
  "ONB_CEM_SubTabs_Navigation":"Navigation",
  "ONB_CEM_SubTabs_Survey":"Survey",

  "ONB_CEM_Confirmation":"Confirmation",
  "ONB_CEM_InfoPopoverTitle":"How it works",

  "ONB_CEM_Navigation_InfoPopoverDescription":"View location and progress of the mobile worker while they are en-route",
  "ONB_CEM_Confirmation_InfoPopoverDescription":"Use notifications to make sure your customers are fully aware of the appointment date and time",
  "ONB_CEM_Verification_InfoPopoverDescription":"Confirm appointments leading up to and on the day of service to decrease no-shows, and if the customer can’t make it – let them rebook online",
  "ONB_CEM_Survey_InfoPopoverDescription":"As soon as the mobile worker completes a job, a satisfaction survey is sent to the customer",

  "ONB_CEM_AddMoreVariables":"Add more variables",
  "ONB_CEM_VariablesDescription":"You can add dynamic data from the task object. <br>Here is an example you can embed in your email HTML template:",

  "ONB_CEM_Send":"Send",
  "ONB_CEM_MessageVia":"message via",

  "ONB_CEM_Verification":"Verification",

  "ONB_CEM_Verification_AtTheDayOfServiceAt":"at the day of service at",
  "ONB_CEM_Verification_DayBeforeAt":"day before at",
  "ONB_CEM_Verification_ReplyOptions":"Reply options",
  "ONB_CEM_Verification_ReplyOptionsText":"Allow reply options. Make sure to include reply instructions in message.",

  "ONB_CEM_Verification_ApprovePopoverDescription":"Updates the task property ServiceAccepted to True",
  "ONB_CEM_Verification_CancelPopoverDescription":"Cancels the task and sets cancellation reason to \"Cancelled by Customer\"",
  "ONB_CEM_Verification_RebookPopoverDescription":"Sends the customer a link to a webapp for rebooking the appointment",

  "ONB_CEM_Navigation_AdditionalWebAppBranding":"Additional WebApp branding",
  "ONB_CEM_Message":"Message:",
  "ONB_CEM_LABEL_Approve":"Approve",
  "ONB_CEM_LABEL_Cancel":"Cancel",
  "ONB_CEM_LABEL_Rebook":"Rebook",

  "ONB_CEM_Survey_Subtitle":"Survey",
  "ONB_CEM_Survey_AddAnotherQuestion":"Add another question",
  "ONB_CEM_Survey_BuilderTitle":"Survey Builder",
  "ONB_CEM_Survey_Questions":"Questions",
  "ONB_CEM_Survey_WelcomeMessage":"Welcome Message",
  "ONB_CEM_Survey_GoodbyeMessage":"Goodbye Message",

  "ONB_CEM_AddVariables_Title":"Add Variables",
  "ONB_CEM_AddVariables_Description":"Drag the columns you wish to use for sorting into the desired order",
  "ONB_CEM_AddVariables_AllVariables":"All Variables",
  "ONB_CEM_AddVariables_Selected":"Selected",
  "ONB_CEM_AddVariables_Search":"Search...",

  "ONB_CEM_Survey_YesNoQuestion":"Yes/no question",
  "ONB_CEM_Survey_FreeFormQuestion":"Free form text",
  "ONB_CEM_Survey_ListQuestion":"List of questions with single answer",
  "ONB_CEM_Survey_ListAnswer":"List of questions with multiple answers",
  "ONB_CEM_Survey_ScaleAnswer":"Scale",

  "ONB_CEM_Survey_HelpYesNoQuestion":"Enter your question for a yes/no answer",
  "ONB_CEM_Survey_HelpFreeFormQuestion":"Enter your question for a free form answer",
  "ONB_CEM_Survey_HelpListQuestion":"Enter list of questions for a single answer",
  "ONB_CEM_Survey_HelpListAnswer":"Enter your question for a list of answers",
  "ONB_CEM_Survey_HelpScaleAnswer":"Enter your question for scale answer",

  "ONB_CEM_Survey_AddMore":"add more",

  "ONB_CEM_Summary_CardReebok":"rebook",
  "ONB_CEM_Summary_CardConfirm":"confirm",
  "ONB_CEM_Summary_CardCancel":"cancel",
  "ONB_CEM_Summary_CardCustomerAppointmentActions":"Customer can %rebook%%confirm%%cancel% appointment",
  "ONB_CEM_Summary_CardNone":"none",
  "ONB_CEM_Summary_CardMessageSentOnAppointment":"Message will be sent on the appointment day at %time%",
  "ONB_CEM_Summary_CardMessageSentBeforeAppointment":"Message will be sent one the day before appointment at %time%",

  "ONB_CEM_Account_Title":"Account Information",
  "ONB_CEM_Account_SessionID":"Session ID",
  "ONB_CEM_Account_IntegrationUser":"SO Integration User",
  "ONB_CEM_Account_Username":"Username",
  "ONB_CEM_Account_Password":"Password",
  "ONB_CEM_Account_SMSServerProvider":"SMS Server Provider",
  "ONB_CEM_Account_Twilio":"Twilio",
  "ONB_CEM_Account_Other":"Other",
  "ONB_CEM_Account_Name":"Name",
  "ONB_CEM_Account_URL":"URL",
  "ONB_CEM_Account_TwilioToken":"Twilio Token",
  "ONB_CEM_Account_TwilioSid":"Twilio Sid",
  "ONB_CEM_Account_OutNumbers":"Out numbers",
  "ONB_CEM_Account_AddNumber":"Add number",
  "ONB_CEM_Account_Gateway":"Customizing an SMS Gateway",

  "ONBButtonSave":"Save",
  "ONBButtonCancel":"Cancel",
  "ONBButtonGotIt":"Got it",
  "ONBButtonAdd":"Add",

  "ONB_GS_ModuleMobileName":"Mobile",
  "ONB_GS_ModuleMobileDescription":"Empower your mobile workforce with advanced mobile apps.",
  "ONB_GS_ModuleCEName":"Customer Engagement",
  "ONB_GS_ModuleCEDescription":"Enhance your customers experience with multiple, advanced channels for engaging with you throughout the service life-cycle.",

  "ONB_GS_LicenseStarterName":"Starter",
  "ONB_GS_LicenseStarterDescription":"Gain visibility and control of your field service activities.",
  "ONB_GS_LicenseProfessionalName":"Professional",
  "ONB_GS_LicenseProfessionalDescription":"Add powerful optimization of you field service activities and fine-tune it to your business needs.",
  "ONB_GS_LicenseUltimateName":"Ultimate",
  "ONB_GS_LicenseUltimateDescription":"Manage crews and optimize long duration work.",

  "ONB_CEM_Cancel":"Cancel",
  "ONB_CEM_Save":"Save",
  "ONB_CEM_Edit2":"Edit",
  "ONB_CEM_Remove":"Remove",

  "ONB_CEN_SurveyText":"Text",
  "ONB_CEN_SurveyYesNo":"Yes/No",
  "ONB_CEN_SurveyMulti":"Multi",
  "ONB_CEN_SurveyOne":"One",
  "ONB_CEN_SurveyScale":"Scale",

  "ONB_CEM_AccountTooltip":"Session ID is your CEM account identifier. It is provided in the CEM welcome email sent by ClickSoftware business operations.",

  "ERROR_STATUS_FLOW_MODIFIED_OUTSIDE":"The Status Flow includes statuses and/or transitions not supported by the Setup tool. You need to use the Legacy Admin tool to configure status transitions and flows.",
  "ERROR_UNKNOWN":"An error occurred, Please contact ClickSoftware support.",
  "ERROR_DATA_CORRUPT":"An error occurred, Please contact ClickSoftware support.",
  "ERROR_WHILE_DATA_FETCHING":"An error occurred, Please contact ClickSoftware support.",
  "ERROR_UNKNOWN_NETWORK_FAILURE":"An error occurred, Please contact ClickSoftware support.",
  "ERROR_UNEXPECTED_SERVER_RESPONSE":"An error occurred, Please contact ClickSoftware support."
}
