﻿{
  "ResroucesHeader": "Gantt",
  "PositionsHeader": "Positions",
  "ShiftTypesHeader": "Shift Types",
  "ActionsButton": "Actions",
  "OptionsButton": "Options",
  "WorkingOnDomains": "Working on {0} Domains",
  "WorkingOn1Domain": "Working on 1 Domain",
  "WorkingOn0Domain": "No Domain selected",
  "ShiftTypes": "Shift Types",
  "PatternsHeader": "Patterns",
  "NewShiftMenuItem": "New Shift",
  "NewShiftTypeMenuItem": "New Shift Type",
  "NewNAMenuItem": "New NA",
  "EditShiftTypeItem": "Details",
  "DeleteShiftTypeItem": "Delete",
  "EditShiftPatternItem": "Details",
  "DeleteShiftPatternItem": "Delete",
  "CreateNAMenuItem": "Create NA",
  "EditNAMenuItem": "Details",
  "DeleteNAMenuItem": "Delete",
  "EditMenuItem": "Details",
  "DeleteMenuItem": "Delete",
  "PublishMenuItem": "Publish",
  "PublishMenuItems": "Publish Shifts",
  "UnpublishMenuItem": "Unpublish",
  "ViewResourceMenuItem": "Details",
  "Districts": "Districts",
  "DistrictHeader": "District",
  "StatusHeader": "Status",
  "Dates": "Dates",
  "Publish": "Publish",
  "PublishToCalendar": "Publish to Calendar",
  "TodayButton": "Today",
  "Yesterday": "Yesterday",
  "CloseButton": "Close",
  "Day": "Day",
  "DurationDay": "day",
  "DurationDays": "days",
  "am": "am",
  "pm": "pm",
  "NewShiftPatternMenuItem": "New Pattern",
  "PatternName": "Enter pattern name here",
  "PatternDetails": "Pattern Details",
  "AddPatternName": "Pattern name",
  "Description": "Description",
  "Ok": "OK",
  "Cancel": "Cancel",
  "PatternEditor": "Pattern Editor",
  "DaysPattern": "days Pattern",
  "Save": "Save",
  "PatternNameHere": "Pattern Name Here",
  "DescriptionHere": "Add description Here",
  "Days": "Days",
  "Error": "Error",
  "ShiftNotFound": "Shift Not Found",
  "EngineerNotFound": "Engineer Not Found",
  "Resource_filed_is_missing": "Resource field is missing",
  "PatternWithinShiftMessage": "You cannot save the pattern if you have not added shifts to the Pattern table.",
  "LatestDayMessage": "You cannot save the pattern if you have not selected at least one day in the Pattern table and added at least one shift to the table.",
  "saveChangesMessage": "Do you want to save changes? ",
  "daleteDaysWhithShiftMessage": "Shifts within the selected range will also be deleted. \nDo you want to continue?",
  "reopenGanttMessage": "The Pattern editor is already open.",
  "saveExistingItem": "Your changes will not be saved.\nAre you sure you want to continue?",
  "saveNewItem": "The pattern will not be saved.\nAre you sure you want to continue?",
  "Warning": "Warning",
  "Yes": "Yes",
  "No": "No",
  "NullPattern": "Patterns list is empty",
  "NullPatternText": "You can add patterns to your list using the “New pattern” action from the Actions menu.",
  "NullShiftTypes": "Shift Types list is empty",
  "NullShiftTypesText": "You can add shift types to your list using the “New Shift Type” action from the Actions menu.",
  "AssignPattern": "Apply Pattern",
  "Pattern": "Pattern",
  "Offset": "Offset",
  "OffsetDays": "days",
  "Apply": "Apply",
  "SelectPattern": "Select Pattern",
  "Add": "Add",
  "noResources": "No resources selected",
  "DatesRange": "Date Range",
  "SortedShiftList": "Sorted by: Name",
  "FilterShiftList": "Filter",
  "SearchShiftList": "Search",
  "ChangeGanttResolution": "Change Gantt Resolution",
  "Move1DayBackward": "Move 1 day backward",
  "Move7DayBackward": "Move 7 days backward",
  "ChangeStartDateOfTheGantt": "Change the start date of the Gantt",
  "Move1DayForward": "Move 1 day forward",
  "Move7DayForward": "Move 7 days forward",
  "DisplayOptions": "Display options",
  "ValidPatternName": "Not a valid object",
  "valideResource": "A pattern can only include up to 200 resources.",
  "NoDecomposition": "No Decomposition",
  "SearchItemTextShifts": "Search Shift Types",
  "SearchItemTextPatterns": "Search Patterns",
  "OffsetInformation": "Enter the number of days after which the next resource in the list starts this pattern. Example: If the pattern starts on 4 Jul 2019 and the offset is 4 days, then resource 1 starts the pattern on 4 Jul 2019 and resource 2 starts the pattern on 8 Jul 2019.",
  "PlaceholderDateRange": "Select Date Range",
  "AtoZ": "A-Z",
  "ZtoA": "Z-A",
  "ConfirmDelete": "Are you sure you want to delete this object?",
  "DeleteShiftItemTitle": "Delete",
  "ShiftTypeNotFound": "Shift Type not found",
  "PatterNotFound": "Shift Pattern not found",
  "PublishCenter": "Published Shifts",
  "ProcessCenter": "Processing Center",
  "ApplyCenter": "Applied Patterns",
  "NoPublish": "No published shifts to display...",
  "NoApply": "No Applied patterns to display...",
  "DismissAllCompleted": "Dismiss all Completed and Done processes",
  "ShiftPublishResources": "Resources",
  "ShiftPublishResource": "Resource",
  "ShiftPublishDistricts": "districts",
  "ShiftPublishDistrict": "district",
  "ShiftPublishFailed": "failed",
  "ShiftPublishDismiss": "Dismiss",
  "ShiftPublishPublishing": "Processing...",
  "ShiftPublishUnPublishing": "Unpublishing...",
  "ShiftPublishDone": "Done",
  "ShiftPublishCompleted": "Completed",
  "PublishShiftStatus": "Publish Shift Status",
  "PublishDetails": "Details",
  "ShowOnlyErrors": "Show only errors",
  "AreYouSure": "Are you sure?",
  "DismissAll": "Dismiss All",
  "NoDistrictLoaded": "No District Loaded",
  "NoDistrictLoadedPublishToCalendar": "The publishing process cannot be started because no district was loaded",
  "HowToStartUseSchedule": "Start using Shift Management by selecting districts from the upper right corner",
  "ShiftPublishWithoutResourcesError": "You cannot run a Publish process if no resources are associated with the selected district(s).",
  "PublishInPast": "You cannot publish a shift that has already started",
  "UnpublishInPast": "You cannot unpublish a shift that has already started",
  "PublishInFuture": "You cannot publish a shift that will start in over 180 days",
  "OverlappingPublish": "You cannot start a new Publish process for district {0} while the previous process is still running",
  "ResrouceHeader": "Resource",
  "Shift": "shift",
  "NoDecompositionType": "NoDecomposition",
  "ByEngineersType": "ByEngineers",
  "PublishItem": "Publish",
  "UnpublishItem": "Unpublish",
  "AssignMessage": "{0} unpublished {1} will be deleted.\nAre you sure you want to continue?",
  "AssignMessageOverPublishedShifts": "{0} unpublished {1} and {2} published {3} will be deleted.\nPublished shifts will also be deleted from the resource's calendar.\nAre you sure you want to continue?",
  "GanttResolutionTooltip": "Change Gantt resolution",
  "GanttResolutionDisplayName_Daily": "Daily",
  "GanttResolutionDisplayName_Weekly": "Weekly",
  "ShiftCustomName": "Custom",
  "ErrorTitle": "Error",
  "OkButton": "OK",
  "ShiftMinimumMinutesDuration": "The duration of the shift must be equal to or greater than {0} minute(s)",
  "ShiftMinimumHoursDuration": "The duration of the shift must be equal to or greater than {0} hour(s)",
  "ShiftMinimumHoursMinutesDuration": "The duration of the shift must be equal to or greater than {0} hour(s) and {1} minute(s)",
  "ShiftTemplateMinimumMinutesDuration": "The duration of the shift type must be equal to or greater than {0} minute(s)",
  "ShiftTemplateMinimumHoursDuration": "The duration of the shift type must be equal to or greater than {0} hour(s)",
  "ShiftTemplateMinimumHoursMinutesDuration": "The duration of the shift type must be equal to or greater than {0} hour(s) and {1} minute(s)",
  "IsNotADistrict": "You can only select the lowest level business hierarchy entities. Please deselect the following:  ",
  "SelectDateRange": "Select date range",
  "Nonavailability": "Nonavailability",
  "NotDefined": "Not Defined",
  "PublishFailed": "Publish failed: ",
  "ApplyFailed": "Apply failed: " 
}
