﻿{
    "defaultCategoryName": "Uncategorized",
    "SelectObjectDescription": "Select a Task Type from the list on the left side",
    "numTaskString": "Showing {0} Types in {1} Categories",
    "header": "Task Catalog",
    "searchString": "Search for Types",
    "viewTitle": "Add and edit Task Types by Task Type categories. For each Task Type, define the estimated duration and expected SLA",
    "helpAction": "Help",
    "searchSkills": "Search Skills...",
    "showAllSkills": "Show All",
    "showSelectedSkills": "Show Selected",
    "SaveChangesButton": "Save Changes",
    "successUserMessage": "The object was saved successfully",
    "failedGettingAllSkills": "Failed to get all Skills",
    "NewTaskString": "New",
    "addCategoryToolTipText": "Add Category",
    "addTypeToolTipText": "Add Task Type",
    "renameCategoryToolTipText": "Rename Category",
    "deleteCategoryToolTipText": "Delete Category",
    "deleteTaskTypeToolTipText": "Delete Task Type",
    "cantDeleteMessageString": "You can't delete this item",
    "renameTextBoxPlaceHolder": "Set Category Name",
    "requiredSkills": "Required Skills:",
    "requiredSkillsDescription": "Only engineers with the following skills will be able to perform the task",
    "CategoryEmptyNameErrorMessage": "You must provide a name for the category",
    "faildUpdateCategoryMessageString": "Failed to update task category name",
    "NameMustBeUniqe": "Name must be unique",
    "cantAddNewTaskType": "You have another new object being edited. Please save it.",
    "failedToDeleteTaskType": "Cannot delete this object as it is referenced by another object."
}
