﻿{

    "Active": "Active",
    "ActiveUsers": "Active Users",

    "PermissionCaption": "Permissions",
    "PermissionFilterControlOK": "OK",
    "PermissionFilterControlCancel": "Cancel",
    "PermissionFilterControlCaption": " Permissions Filter Editor",

    "PermissionControlCaptionCollection": "Collection",
    "PermissionControlCaptionCreate": "Create",
    "PermissionControlCaptionRead": "Read",
    "PermissionControlCaptionUpdate": "Update",
    "PermissionControlCaptionDelete": "Delete",
    "PermissionControlCaptionFilter": "Filter",

    "PermissionControlAddBtn": "Add",
    "PermissionControlFilterUndefined": "Filter not defined",

    "PermissionPlaceHolderCollectionSelect": "Select a Collection",
    "FilterDeleteToolTip": "Delete the filter",

    "MobileUser": "Mobile User",
    "MobileSetting": "Mobile Setting",
    "Engineer": "Engineer",
    "Name": "Name",
    "Region": "Region",
    "District": "District",
    "ID": "ID",
    "Email": "Email",
    "NewEngineer": "[New...]",

    "LabelAppPermission": "Apps Permission",
    "DeleteFilterToolTip": "Delete Filter",

  "Views": "Views",
  "ExternalUserName_SO": "External User Name",
  "FailedToSaveUserForm": "Failed to save User Form",
  "EmptyExternalUserName": "The external user name cannot be empty before the '@' character",
  "EmptyExternalUserNameNotSameValueInternalUserName": "The internal and external user names must contain the same value before the '@' character"

}
