{
    "Title" : "Value Meter",
    "Today": "Today",
    "LastWeek" : "Last week",
    "LastMonth" : "Last month",
    "LastYear" : "Last year",
    "Last5Years" : "Last 5 years",
    "Km" : "Kilometers Saved",
    "Miles": "Miles Saved",
    "Cards" : {
        "1": "Travel Time & Distance",
        "2": "Overtime Working Hours",
        "3": "Contractor Hours",
        "4": "Tasks Scheduled",
        "TravelTimeSaved" : "Hours Saved",
        "TravelDistanceSaved" : "Saved",
        "AssignmentDurationAllocatedToContractors" : "Contractor Hours Saved",
        "AssignmetDurationAllocatedOnOptionalTime" : "Overtime Hours Saved",
        "NumberOfTasksScheduled" : "Tasks Scheduled"
    }
}
