﻿{

  "ModalWindowHeader": "Filters Management - {0}",
  "DefaultFilterName": "{0} filter {1}",

  "NoFilterSelected": "No filter selected",
  "NoFilterSelectedGuidance": "You can start by adding a new filter or by selecting a filter from the list on the left.",
  "NoFilterSelectedHelp": "You can read more about filters and tips on creating new ones right here",

  "AddFilterButton": "Add",
  "RenameFilterButton": "Rename",
  "DeleteFilterButton": "Delete",
  "SystemFilters": "System Filters",
  "MyFilters": "My Filters",

  "FilterDetailsSuffixHedaer": " - Conditions",
  "ResetButton": "Reset",
  "AddConditionButton": "Add Condition",
  "CloseButton": "Close",
  "ApplyButton": "Apply",
  "SaveButton": "Save",
  "SaveAsButton": "Save As",
  "AppliedFilterMessage": "This filter is applied. Changes on this filter will be lost unless saving or applying the filter",

  "PromptOKButtom": "OK",
  "PromptCancelButtom": "Cancel",
  "PromptDeleteButtom": "Delete",
  "PromptSaveAsButtom": "Save As",

  "DeleteFilterPromptTitle": "Delete Filter",
  "DeleteFilterPromptMessage": "Are you sure you want to delete '{0}' filter?",

  "SaveAsPromptTitle": "Save Filter As",
  "SaveAsFilterPromptMessage": "New filter name:",

  "InvalidFilterNamePromptTitle": "Invalid filter name",
  "InvalidFilterNameUnique": "Filter name is not unique",
  "InvalidFilterNameEmpty": "Filter name is required",

  "Equals": "Equals",
  "EqualsOneOf": "Equals One Of",
  "IsME": "Is @ME",
  "Contains": "Contains",
  "IsUndefined": "Is undefined",
  "Smaller": "Smaller than",
  "SmallerOrEqual": "Smaller than or equal to",
  "Greater": "Greater than",
  "GreaterOrEqual": "Greater than or equal to",
  "Between": "Between",
  "BetweenRelative": "Between (relative)",
  "BetweenSpecific": "Between (specific)",
  "BeforeRelative": "Before (relative)",
  "BeforeSpecific": "Before (specific)",
  "AfterRelative": "After (relative)",
  "AfterSpecific": "After (specific)",

  "True": "True",
  "False": "False",
  "Ago": "Ago",
  "Ahead": "Ahead",
  "And": "And",
  "Days": "Days",
  "enterDate": "Enter Date",

  "PropertyComboPlaceHolder": "Select a Property",
  "StringTemplatePlaceHolder": "All values",
  "StringEqualsOneOfTemplatePlaceHolder": "value,value...",
  "DurationTemplatePlaceHolder": "hhh:mm",
  "SelectObjectPlaceHolder": "Select an object",
  "SelectObjectsPlaceHolder": "Select objects",
  "OpenSearchDialog": "Search",

  "DeleteConditionTooltip": "Delete Condition",

  "InvalidConditionMinValueGreater": "The high limit must be greater than the low limit",
  "InvalidConditionTwoValuesEqual": "The two values are equal",
  "InvalidConditionRequiredProperty": "You must fill in the property field",
  "InvalidConditionInvalidProperty": "The property is invalid",
  "InvalidConditionValuePattern": "The value format is invalid",
  "InvalidConditionDateValue": "The date value is invalid",
  "InvalidConditionOneValueisEmpty": "You must enter both values",
  "InvalidConditionValueKeyNotExist": "The selected key value does not exist",
  "InvalidAdvanceLogicConditionExist": "Non exist condition in expression",
  "InvalidAdvanceLogicInValidExpression": "Invalid Expression",
  "InvalidEmptyAdvanceLogicInValidExpression": "Empty Expression",

  "FilterDescriptionPrefix": "Only",
  "FilterDescriptionAllValues": "All values",
  "FilterDescriptionConditionEqualsString": "Equals {0}",
  "FilterDescriptionConditionEqualsOneOf": "Equals One Of {0}",
  "FilterDescriptionConditionContains": "Contains {0}",
  "FilterDescriptionConditionIsUndefined": "Is Undefined",
  "FilterDescriptionConditionIsME": "Is @ME",
  "FilterDescriptionConditionSmaller": "Smaller than {0}",
  "FilterDescriptionConditionSmallerOrEqual": "Smaller than or equal to {0}",
  "FilterDescriptionConditionGreater": "Greater than {0}",
  "FilterDescriptionConditionGreaterOrEqual": "Greater than or equal to {0}",
  "FilterDescriptionConditionBetween": "Between {0} and {1}",
  "FilterDescriptionConditionBetweenRelative": "Between (relative) {0} and {1} Days",
  "FilterDescriptionConditionBetweenSpecific": "Between (specific) {0} and {1}",
  "FilterDescriptionConditionBetweenSpecificNull": "Between (specific) {0}",
  "FilterDescriptionConditionBeforeRelative": "Before (relative) {0} Days",
  "FilterDescriptionConditionBeforeSpecific": "Before (specific) {0}",
  "FilterDescriptionConditionAfterRelative": "After (relative) {0} Days",
  "FilterDescriptionConditionAfterSpecific": "After (specific) {0}",
  "FilterAdvancedLogic": "Advanced Filter",
  "FilterAdvancedLogicInstructions": "Write down the expression to evaluate the condition:",
  "FilterAdvancedLogicValidation": "Valid Expression",
  "FilterAdvancedLogicDeleteCondition": "The condition cannot be deleted! it is in use in the advanced logic expression.",

  "UserMessagesLoadDataFail": "Loading data failed.",
  "UserMessagesNoKeyIdentifier": "There is no identifier for {0}",
  "FilterMeString": "@ME"
}
